insert into books (id, pub_date, is_bestseller, slug, title, image, description, price, discount) values (1, '7/5/2014', 1, 'est', 'Zoo', 'http://dummyimage.com/209x.png/ff4444/ffffff', 'Occlusion of Stomach, Via Natural or Artificial Opening', 25, 22);
insert into books (id, pub_date, is_bestseller, slug, title, image, description, price, discount) values (2, '1/20/2019', 0, 'sollicitudin', 'Andalusian Dog, An (Chien andalou, Un)', 'http://dummyimage.com/206x.png/5fa2dd/ffffff', 'Inspection of Fallopian Tube, Open Approach', 46, 0);
insert into books (id, pub_date, is_bestseller, slug, title, image, description, price, discount) values (3, '5/25/2016', 1, 'proin', 'Bustin'' Loose', 'http://dummyimage.com/244x.png/cc0000/ffffff', 'Removal of Synthetic Substitute from Right Finger Phalanx, Open Approach', 29, 79);
insert into books (id, pub_date, is_bestseller, slug, title, image, description, price, discount) values (4, '2/5/2022', 0, 'proin', 'Damned, The (La Caduta degli dei)', 'http://dummyimage.com/208x.png/dddddd/000000', 'Release Right Tunica Vaginalis, Open Approach', 71, 0);
insert into books (id, pub_date, is_bestseller, slug, title, image, description, price, discount) values (5, '9/24/2012', 1, 'dapibus', 'Pieces of April', 'http://dummyimage.com/211x.png/ff4444/ffffff', 'Heart and Great Vessels, Restriction', 19, 52);
insert into books (id, pub_date, is_bestseller, slug, title, image, description, price, discount) values (6, '9/24/2016', 1, 'turpis', 'Fair Game', 'http://dummyimage.com/218x.png/cc0000/ffffff', 'Replacement of Left Foot Subcutaneous Tissue and Fascia with Autologous Tissue Substitute, Percutaneous Approach', 71, 65);
insert into books (id, pub_date, is_bestseller, slug, title, image, description, price, discount) values (7, '2/12/2021', 1, 'amet', 'Together Again', 'http://dummyimage.com/229x.png/ff4444/ffffff', 'Bypass Right Subclavian Artery to Right Upper Arm Artery with Autologous Arterial Tissue, Open Approach', 2, 0);
insert into books (id, pub_date, is_bestseller, slug, title, image, description, price, discount) values (8, '1/16/2016', 1, 'ut', 'Damage (Fatale)', 'http://dummyimage.com/222x.png/cc0000/ffffff', 'Division of Right Sphenoid Bone, Percutaneous Endoscopic Approach', 54, 26);
insert into books (id, pub_date, is_bestseller, slug, title, image, description, price, discount) values (9, '2/11/2018', 0, 'vulputate', 'Love''s Enduring Promise', 'http://dummyimage.com/236x.png/cc0000/ffffff', 'Bypass Left Internal Jugular Vein to Upper Vein with Autologous Venous Tissue, Open Approach', 90, 0);
insert into books (id, pub_date, is_bestseller, slug, title, image, description, price, discount) values (10, '4/21/2019', 0, 'lorem', 'Summer School', 'http://dummyimage.com/200x.png/dddddd/000000', 'Revision of Synthetic Substitute in Mouth and Throat, Via Natural or Artificial Opening', 25, 0);
insert into books (id, pub_date, is_bestseller, slug, title, image, description, price, discount) values (11, '7/29/2014', 1, 'quis', 'Monogamy ', 'http://dummyimage.com/224x.png/ff4444/ffffff', 'Drainage of Small Intestine, Via Natural or Artificial Opening, Diagnostic', 26, 11);
insert into books (id, pub_date, is_bestseller, slug, title, image, description, price, discount) values (12, '7/1/2017', 1, 'rutrum', 'Easter Parade', 'http://dummyimage.com/217x.png/ff4444/ffffff', 'Dilation of Cervix, Percutaneous Endoscopic Approach', 56, 0);
insert into books (id, pub_date, is_bestseller, slug, title, image, description, price, discount) values (13, '9/28/2014', 1, 'adipiscing', 'Silver Bullet (Stephen King''s Silver Bullet)', 'http://dummyimage.com/228x.png/cc0000/ffffff', 'Revision of Autologous Tissue Substitute in Lumbosacral Joint, Open Approach', 24, 0);
insert into books (id, pub_date, is_bestseller, slug, title, image, description, price, discount) values (14, '8/11/2013', 1, 'non', 'Perifery (Härmä)', 'http://dummyimage.com/213x.png/ff4444/ffffff', 'Urinary System, Extraction', 27, 13);
insert into books (id, pub_date, is_bestseller, slug, title, image, description, price, discount) values (15, '5/9/2019', 0, 'est', 'Ann Carver''s Profession', 'http://dummyimage.com/218x.png/cc0000/ffffff', 'Excision of Ascending Colon, Via Natural or Artificial Opening', 98, 0);
insert into books (id, pub_date, is_bestseller, slug, title, image, description, price, discount) values (16, '12/28/2020', 0, 'ante', 'Wrong Turn 4', 'http://dummyimage.com/220x.png/cc0000/ffffff', 'Supplement Right Vertebral Vein with Autologous Tissue Substitute, Open Approach', 4, 71);
insert into books (id, pub_date, is_bestseller, slug, title, image, description, price, discount) values (17, '6/18/2021', 0, 'erat', 'Killing, The', 'http://dummyimage.com/200x.png/ff4444/ffffff', 'Beam Radiation of Salivary Glands using Photons <1 MeV', 46, 0);
insert into books (id, pub_date, is_bestseller, slug, title, image, description, price, discount) values (18, '11/6/2018', 1, 'morbi', 'Vital Signs', 'http://dummyimage.com/217x.png/5fa2dd/ffffff', 'Dilation of Left Colic Artery, Bifurcation, with Four or More Drug-eluting Intraluminal Devices, Percutaneous Endoscopic Approach', 47, 0);
insert into books (id, pub_date, is_bestseller, slug, title, image, description, price, discount) values (19, '12/25/2012', 1, 'convallis', 'Purple Plain, The', 'http://dummyimage.com/209x.png/ff4444/ffffff', 'Dilation of Right External Jugular Vein with Intraluminal Device, Open Approach', 97, 0);
insert into books (id, pub_date, is_bestseller, slug, title, image, description, price, discount) values (20, '1/6/2015', 0, 'at', 'Brain Donors', 'http://dummyimage.com/208x.png/5fa2dd/ffffff', 'Dilation of Right Radial Artery, Percutaneous Approach', 81, 73);
insert into books (id, pub_date, is_bestseller, slug, title, image, description, price, discount) values (21, '1/7/2021', 0, 'phasellus', 'Aks', 'http://dummyimage.com/229x.png/cc0000/ffffff', 'Occlusion of Sigmoid Colon with Intraluminal Device, Via Natural or Artificial Opening Endoscopic', 83, 59);
insert into books (id, pub_date, is_bestseller, slug, title, image, description, price, discount) values (22, '10/8/2016', 1, 'in', 'Gen 13 (a.k.a. Gen13: The Animated Movie)', 'http://dummyimage.com/247x.png/ff4444/ffffff', 'Drainage of Left Ureter, Via Natural or Artificial Opening Endoscopic, Diagnostic', 54, 0);
insert into books (id, pub_date, is_bestseller, slug, title, image, description, price, discount) values (23, '3/3/2017', 1, 'duis', 'Cold Mountain', 'http://dummyimage.com/209x.png/5fa2dd/ffffff', 'Insertion of Internal Fixation Device into Lumbar Vertebral Joint, Open Approach', 71, 0);
insert into books (id, pub_date, is_bestseller, slug, title, image, description, price, discount) values (24, '6/11/2022', 1, 'aliquam', 'I, Monster', 'http://dummyimage.com/235x.png/ff4444/ffffff', 'Excision of Left Thorax Bursa and Ligament, Percutaneous Approach', 69, 0);
insert into books (id, pub_date, is_bestseller, slug, title, image, description, price, discount) values (25, '8/13/2012', 0, 'eget', 'Beyond the Black Rainbow', 'http://dummyimage.com/235x.png/ff4444/ffffff', 'Visual Motor Integration Assessment using Augmentative / Alternative Communication Equipment', 7, 0);
insert into books (id, pub_date, is_bestseller, slug, title, image, description, price, discount) values (26, '9/11/2017', 0, 'natoque', 'Forgiven', 'http://dummyimage.com/238x.png/cc0000/ffffff', 'Monitoring of Arterial Pulse, Peripheral, Percutaneous Approach', 14, 0);
insert into books (id, pub_date, is_bestseller, slug, title, image, description, price, discount) values (27, '3/10/2017', 0, 'viverra', 'Many Adventures of Winnie the Pooh, The', 'http://dummyimage.com/240x.png/dddddd/000000', 'Extraction of Left Thorax Bursa and Ligament, Open Approach', 66, 0);
insert into books (id, pub_date, is_bestseller, slug, title, image, description, price, discount) values (28, '11/1/2022', 0, 'tincidunt', 'Black Power Mixtape 1967-1975, The', 'http://dummyimage.com/214x.png/dddddd/000000', 'Ultrasound Therapy, Circulatory, Multiple', 52, 0);
insert into books (id, pub_date, is_bestseller, slug, title, image, description, price, discount) values (29, '1/18/2014', 0, 'in', 'What Is It?', 'http://dummyimage.com/236x.png/ff4444/ffffff', 'Occlusion of Superior Mesenteric Vein, Percutaneous Approach', 42, 0);
insert into books (id, pub_date, is_bestseller, slug, title, image, description, price, discount) values (30, '12/21/2018', 1, 'curabitur', 'Fährmann Maria', 'http://dummyimage.com/248x.png/5fa2dd/ffffff', 'Extirpation of Matter from Left Thyroid Gland Lobe, Percutaneous Endoscopic Approach', 78, 0);
insert into books (id, pub_date, is_bestseller, slug, title, image, description, price, discount) values (31, '10/12/2012', 1, 'diam', 'Firstborn', 'http://dummyimage.com/230x.png/dddddd/000000', 'Replacement of Right Foot Artery with Synthetic Substitute, Open Approach', 4, 0);
insert into books (id, pub_date, is_bestseller, slug, title, image, description, price, discount) values (32, '9/15/2018', 0, '0a', 'Troubled Water (DeUsynlige)', 'http://dummyimage.com/250x.png/cc0000/ffffff', 'Restriction of Cecum with Intraluminal Device, Via Natural or Artificial Opening', 81, 0);
insert into books (id, pub_date, is_bestseller, slug, title, image, description, price, discount) values (33, '7/1/2017', 1, 'hac', 'Shine a Light', 'http://dummyimage.com/215x.png/ff4444/ffffff', 'Replacement of Left Knee Joint with Autologous Tissue Substitute, Open Approach', 24, 14);
insert into books (id, pub_date, is_bestseller, slug, title, image, description, price, discount) values (34, '2/5/2017', 1, 'morbi', 'Kiler', 'http://dummyimage.com/218x.png/5fa2dd/ffffff', 'Supplement Esophagogastric Junction with Synthetic Substitute, Percutaneous Endoscopic Approach', 70, 0);
insert into books (id, pub_date, is_bestseller, slug, title, image, description, price, discount) values (35, '11/18/2014', 0, 'in', 'Passport to Pimlico', 'http://dummyimage.com/216x.png/5fa2dd/ffffff', 'Replacement of Right Wrist Joint with Nonautologous Tissue Substitute, Open Approach', 23, 0);
insert into books (id, pub_date, is_bestseller, slug, title, image, description, price, discount) values (36, '10/19/2018', 0, 'a', 'Pit, the Pendulum and Hope, The (Kyvadlo, jáma a nadeje)', 'http://dummyimage.com/238x.png/5fa2dd/ffffff', 'Bypass Right Face Vein to Upper Vein with Nonautologous Tissue Substitute, Open Approach', 3, 0);
insert into books (id, pub_date, is_bestseller, slug, title, image, description, price, discount) values (37, '11/23/2016', 1, 'sapien', 'Fighting Seabees, The', 'http://dummyimage.com/211x.png/dddddd/000000', 'Muscles, Reposition', 90, 39);
insert into books (id, pub_date, is_bestseller, slug, title, image, description, price, discount) values (38, '2/27/2021', 1, 'proin', 'Larceny, Inc.', 'http://dummyimage.com/239x.png/dddddd/000000', 'Bypass Upper Esophagus to Cutaneous with Synthetic Substitute, Percutaneous Approach', 93, 78);
insert into books (id, pub_date, is_bestseller, slug, title, image, description, price, discount) values (39, '5/11/2016', 1, 'in', 'Christopher Strong', 'http://dummyimage.com/214x.png/cc0000/ffffff', 'Bypass Left Common Iliac Artery to Left External Iliac Artery with Autologous Venous Tissue, Percutaneous Endoscopic Approach', 78, 0);
insert into books (id, pub_date, is_bestseller, slug, title, image, description, price, discount) values (40, '7/7/2019', 0, 'in', 'Jupiter Ascending', 'http://dummyimage.com/209x.png/dddddd/000000', 'Change Cast on Chest Wall', 74, 0);
insert into books (id, pub_date, is_bestseller, slug, title, image, description, price, discount) values (41, '1/8/2021', 1, 'lorem', 'Zachariah', 'http://dummyimage.com/205x.png/ff4444/ffffff', 'Destruction of Left Upper Arm Subcutaneous Tissue and Fascia, Percutaneous Approach', 80, 39);
insert into books (id, pub_date, is_bestseller, slug, title, image, description, price, discount) values (42, '2/26/2018', 0, 'aliquam', 'Asterix and the Gauls (Astérix le Gaulois)', 'http://dummyimage.com/216x.png/ff4444/ffffff', 'Drainage of Left Shoulder Muscle with Drainage Device, Percutaneous Endoscopic Approach', 64, 0);
insert into books (id, pub_date, is_bestseller, slug, title, image, description, price, discount) values (43, '7/11/2012', 0, 'montes', 'Slaves to the Underground', 'http://dummyimage.com/200x.png/cc0000/ffffff', 'Release Left Scapula, Percutaneous Endoscopic Approach', 85, 0);
insert into books (id, pub_date, is_bestseller, slug, title, image, description, price, discount) values (44, '9/3/2013', 1, 'felis', 'Darjeeling Limited, The', 'http://dummyimage.com/208x.png/5fa2dd/ffffff', 'Bypass Jejunum to Rectum with Autologous Tissue Substitute, Open Approach', 45, 0);
insert into books (id, pub_date, is_bestseller, slug, title, image, description, price, discount) values (45, '3/2/2013', 1, 'diam', 'Catch-22', 'http://dummyimage.com/228x.png/5fa2dd/ffffff', 'Inspection of Right Lower Leg, External Approach', 4, 74);
insert into books (id, pub_date, is_bestseller, slug, title, image, description, price, discount) values (46, '7/15/2015', 0, 'in', 'Home Movie', 'http://dummyimage.com/244x.png/5fa2dd/ffffff', 'Computerized Tomography (CT Scan) of Bilateral Adrenal Glands using Low Osmolar Contrast', 72, 0);
insert into books (id, pub_date, is_bestseller, slug, title, image, description, price, discount) values (47, '10/25/2013', 1, 'ipsum', 'Manufacturing Dissent', 'http://dummyimage.com/215x.png/5fa2dd/ffffff', 'Removal of Extraluminal Device from Vas Deferens, Via Natural or Artificial Opening', 20, 0);
insert into books (id, pub_date, is_bestseller, slug, title, image, description, price, discount) values (48, '11/5/2020', 0, 'sed', 'Summer Holiday', 'http://dummyimage.com/215x.png/ff4444/ffffff', 'Replacement of Bilateral Breast using Transverse Rectus Abdominis Myocutaneous Flap, Open Approach', 84, 20);
insert into books (id, pub_date, is_bestseller, slug, title, image, description, price, discount) values (49, '8/31/2021', 0, 'cras', 'King of Kings, The', 'http://dummyimage.com/225x.png/5fa2dd/ffffff', 'Bypass Inferior Vena Cava to Superior Mesenteric Vein, Open Approach', 68, 52);
insert into books (id, pub_date, is_bestseller, slug, title, image, description, price, discount) values (50, '7/22/2022', 0, 'purus', 'Angela', 'http://dummyimage.com/224x.png/cc0000/ffffff', 'Reposition Left Thorax Tendon, Open Approach', 12, 0);
insert into books (id, pub_date, is_bestseller, slug, title, image, description, price, discount) values (51, '11/7/2018', 0, 'orci', 'Whole Night, A (Toute une nuit)', 'http://dummyimage.com/243x.png/5fa2dd/ffffff', 'Extirpation of Matter from Left Abdomen Muscle, Percutaneous Approach', 31, 19);
insert into books (id, pub_date, is_bestseller, slug, title, image, description, price, discount) values (52, '11/4/2013', 0, 'id', 'Mr. Average', 'http://dummyimage.com/240x.png/cc0000/ffffff', 'Repair Right Shoulder Region, External Approach', 11, 0);
insert into books (id, pub_date, is_bestseller, slug, title, image, description, price, discount) values (53, '11/19/2018', 1, 'nec', 'Varg Veum - Bitter Flowers (Varg Veum - Bitre Blomster)', 'http://dummyimage.com/220x.png/dddddd/000000', 'Substance Abuse Treatment, Detoxification Services', 98, 18);
insert into books (id, pub_date, is_bestseller, slug, title, image, description, price, discount) values (54, '4/3/2020', 0, 'donec', 'Rob Roy', 'http://dummyimage.com/229x.png/cc0000/ffffff', 'Drainage of Right Hand Vein, Percutaneous Approach, Diagnostic', 83, 0);
insert into books (id, pub_date, is_bestseller, slug, title, image, description, price, discount) values (55, '8/23/2018', 0, 'sed', 'Spud', 'http://dummyimage.com/250x.png/dddddd/000000', 'Bypass Lower Esophagus to Duodenum with Synthetic Substitute, Percutaneous Endoscopic Approach', 6, 0);
insert into books (id, pub_date, is_bestseller, slug, title, image, description, price, discount) values (56, '12/14/2018', 1, 'est', 'Rapture (Arrebato)', 'http://dummyimage.com/243x.png/ff4444/ffffff', 'Removal of Spacer from Lumbar Vertebral Joint, Percutaneous Approach', 70, 62);
insert into books (id, pub_date, is_bestseller, slug, title, image, description, price, discount) values (57, '5/4/2020', 1, 'ultrices', 'Micmacs (Micmacs à tire-larigot)', 'http://dummyimage.com/229x.png/ff4444/ffffff', 'Insertion of Infusion Device into Cervicothoracic Vertebral Disc, Percutaneous Endoscopic Approach', 16, 66);
insert into books (id, pub_date, is_bestseller, slug, title, image, description, price, discount) values (58, '7/22/2021', 0, 'ipsum', 'Sweet Liberty', 'http://dummyimage.com/231x.png/5fa2dd/ffffff', 'Release Small Intestine, Open Approach', 64, 0);
insert into books (id, pub_date, is_bestseller, slug, title, image, description, price, discount) values (59, '6/3/2021', 0, 'blandit', 'City Girl', 'http://dummyimage.com/241x.png/dddddd/000000', 'Replacement of Left Upper Leg Tendon with Autologous Tissue Substitute, Percutaneous Endoscopic Approach', 22, 0);
insert into books (id, pub_date, is_bestseller, slug, title, image, description, price, discount) values (60, '12/16/2013', 1, 'nisl', 'Robe, The', 'http://dummyimage.com/236x.png/cc0000/ffffff', 'Supplement Lower Lip with Autologous Tissue Substitute, Percutaneous Approach', 9, 0);
insert into books (id, pub_date, is_bestseller, slug, title, image, description, price, discount) values (61, '1/18/2023', 1, 'nec', 'Adrift in Tokyo (Tenten)', 'http://dummyimage.com/234x.png/cc0000/ffffff', 'Drainage of Left Greater Saphenous Vein, Percutaneous Endoscopic Approach', 40, 48);
insert into books (id, pub_date, is_bestseller, slug, title, image, description, price, discount) values (62, '12/4/2021', 0, 'morbi', 'Life and Debt', 'http://dummyimage.com/239x.png/cc0000/ffffff', 'Bypass Left Vas Deferens to Right Vas Deferens, Percutaneous Endoscopic Approach', 76, 0);
insert into books (id, pub_date, is_bestseller, slug, title, image, description, price, discount) values (63, '9/30/2014', 0, 'placerat', 'Hav Plenty', 'http://dummyimage.com/214x.png/ff4444/ffffff', 'Insertion of Radioactive Element into Left Upper Extremity, Percutaneous Approach', 17, 36);
insert into books (id, pub_date, is_bestseller, slug, title, image, description, price, discount) values (64, '11/1/2018', 1, 'eleifend', 'Pulp', 'http://dummyimage.com/218x.png/ff4444/ffffff', 'Supplement Facial Muscle with Synthetic Substitute, Open Approach', 38, 0);
insert into books (id, pub_date, is_bestseller, slug, title, image, description, price, discount) values (65, '1/15/2015', 1, 'vestibulum', 'BloodRayne: Deliverance (BloodRayne II: Deliverance)', 'http://dummyimage.com/205x.png/ff4444/ffffff', 'Replacement of Right Knee Joint, Tibial Surface with Synthetic Substitute, Cemented, Open Approach', 48, 0);
insert into books (id, pub_date, is_bestseller, slug, title, image, description, price, discount) values (66, '12/7/2017', 1, 'nunc', 'DNA', 'http://dummyimage.com/245x.png/dddddd/000000', 'Traction of Right Inguinal Region', 90, 10);
insert into books (id, pub_date, is_bestseller, slug, title, image, description, price, discount) values (67, '5/8/2020', 1, 'vulputate', 'Knocked Up', 'http://dummyimage.com/244x.png/ff4444/ffffff', 'Restriction of Right Hepatic Duct with Intraluminal Device, Percutaneous Approach', 47, 0);
insert into books (id, pub_date, is_bestseller, slug, title, image, description, price, discount) values (68, '12/30/2018', 0, 'sagittis', 'Hebrew Hammer, The', 'http://dummyimage.com/201x.png/cc0000/ffffff', 'Removal of Synthetic Substitute from Left Finger Phalangeal Joint, Percutaneous Approach', 62, 74);
insert into books (id, pub_date, is_bestseller, slug, title, image, description, price, discount) values (69, '6/3/2021', 0, 'pede', 'Wild America', 'http://dummyimage.com/200x.png/5fa2dd/ffffff', 'Restriction of Esophagus, Percutaneous Approach', 13, 0);
insert into books (id, pub_date, is_bestseller, slug, title, image, description, price, discount) values (70, '10/23/2020', 0, 'sapien', 'Crazy Heart', 'http://dummyimage.com/217x.png/cc0000/ffffff', 'Release Left Internal Jugular Vein, Percutaneous Endoscopic Approach', 65, 0);
insert into books (id, pub_date, is_bestseller, slug, title, image, description, price, discount) values (71, '3/19/2021', 0, 'eu', 'Zen Noir', 'http://dummyimage.com/249x.png/ff4444/ffffff', 'Extirpation of Matter from Right Foot Tendon, Percutaneous Approach', 67, 23);
insert into books (id, pub_date, is_bestseller, slug, title, image, description, price, discount) values (72, '1/28/2019', 1, 'ultrices', 'Bang Bang Club, The', 'http://dummyimage.com/244x.png/5fa2dd/ffffff', 'Bypass Innominate Artery to Bilateral Lower Arm Artery with Autologous Venous Tissue, Open Approach', 71, 59);
insert into books (id, pub_date, is_bestseller, slug, title, image, description, price, discount) values (73, '7/20/2015', 1, 'nisl', 'Low Life, The', 'http://dummyimage.com/246x.png/5fa2dd/ffffff', 'Drainage of Left Renal Artery, Percutaneous Approach, Diagnostic', 99, 0);
insert into books (id, pub_date, is_bestseller, slug, title, image, description, price, discount) values (74, '5/8/2022', 0, '0a', 'Flower Drum Song', 'http://dummyimage.com/200x.png/5fa2dd/ffffff', 'Dilation of Right Ventricle with Drug-eluting Intraluminal Device, Percutaneous Endoscopic Approach', 40, 0);
insert into books (id, pub_date, is_bestseller, slug, title, image, description, price, discount) values (75, '12/11/2014', 1, 'pede', 'Girl on a Motorcycle, The', 'http://dummyimage.com/222x.png/cc0000/ffffff', 'Division of Left Toe Phalanx, Open Approach', 34, 0);
insert into books (id, pub_date, is_bestseller, slug, title, image, description, price, discount) values (76, '3/29/2020', 1, 'lectus', 'Steamboat Willie', 'http://dummyimage.com/226x.png/5fa2dd/ffffff', 'Repair Left Mandible, Percutaneous Endoscopic Approach', 30, 0);
insert into books (id, pub_date, is_bestseller, slug, title, image, description, price, discount) values (77, '11/3/2021', 1, 'in', 'My Son (Mon fils à moi)', 'http://dummyimage.com/225x.png/dddddd/000000', 'Extirpation of Matter from Left Atrium, Open Approach', 88, 0);
insert into books (id, pub_date, is_bestseller, slug, title, image, description, price, discount) values (78, '9/3/2015', 1, 'orci', 'Darkness', 'http://dummyimage.com/202x.png/5fa2dd/ffffff', 'Drainage of Left Abdomen Bursa and Ligament, Open Approach', 71, 0);
insert into books (id, pub_date, is_bestseller, slug, title, image, description, price, discount) values (79, '6/5/2019', 0, 'quis', 'American Dream', 'http://dummyimage.com/223x.png/ff4444/ffffff', 'Revision of Infusion Device in Upper Artery, External Approach', 4, 18);
insert into books (id, pub_date, is_bestseller, slug, title, image, description, price, discount) values (80, '8/29/2013', 0, 'erat', 'Life and Debt', 'http://dummyimage.com/221x.png/dddddd/000000', 'Replacement of Right Iris with Nonautologous Tissue Substitute, Percutaneous Approach', 36, 14);
insert into books (id, pub_date, is_bestseller, slug, title, image, description, price, discount) values (81, '4/23/2013', 1, 'ac', 'Bitter Tears of Petra von Kant, The (bitteren Tränen der Petra von Kant, Die)', 'http://dummyimage.com/236x.png/5fa2dd/ffffff', 'Restriction of Right Vertebral Artery with Intraluminal Device, Percutaneous Approach', 5, 58);
insert into books (id, pub_date, is_bestseller, slug, title, image, description, price, discount) values (82, '3/25/2023', 0, 'platea', 'Blue Spring (Aoi haru)', 'http://dummyimage.com/206x.png/dddddd/000000', 'Excision of Inferior Mesenteric Vein, Open Approach', 9, 0);
insert into books (id, pub_date, is_bestseller, slug, title, image, description, price, discount) values (83, '4/14/2013', 0, 'quisque', 'Sunnyside', 'http://dummyimage.com/231x.png/ff4444/ffffff', 'Extirpation of Matter from Upper Vein, Open Approach', 60, 76);
insert into books (id, pub_date, is_bestseller, slug, title, image, description, price, discount) values (84, '8/9/2012', 0, 'volutpat', 'Bright Lights, Big City', 'http://dummyimage.com/221x.png/dddddd/000000', 'Excision of Intracranial Artery, Percutaneous Endoscopic Approach, Diagnostic', 90, 34);
insert into books (id, pub_date, is_bestseller, slug, title, image, description, price, discount) values (85, '5/8/2018', 0, 'turpis', 'Barbary Coast', 'http://dummyimage.com/236x.png/cc0000/ffffff', 'Supplement Nasal Bone with Autologous Tissue Substitute, Percutaneous Approach', 31, 0);
insert into books (id, pub_date, is_bestseller, slug, title, image, description, price, discount) values (86, '5/5/2016', 1, 'turpis', 'Oliver Twist', 'http://dummyimage.com/218x.png/cc0000/ffffff', 'Replacement of Right Atrium with Zooplastic Tissue, Open Approach', 71, 0);
insert into books (id, pub_date, is_bestseller, slug, title, image, description, price, discount) values (87, '9/14/2022', 0, 'vehicula', 'Red Line 7000', 'http://dummyimage.com/226x.png/ff4444/ffffff', 'Drainage of Right Hand, Percutaneous Approach', 74, 0);
insert into books (id, pub_date, is_bestseller, slug, title, image, description, price, discount) values (88, '9/22/2018', 1, 'in', 'Ay, Carmela! (¡Ay, Carmela!)', 'http://dummyimage.com/232x.png/cc0000/ffffff', 'Beam Radiation of Bladder using Electrons, Intraoperative', 56, 59);
insert into books (id, pub_date, is_bestseller, slug, title, image, description, price, discount) values (89, '8/26/2014', 1, 'urna', 'Wonderful World of the Brothers Grimm, The', 'http://dummyimage.com/247x.png/ff4444/ffffff', 'Revision of Drainage Device in Cranial Nerve, Percutaneous Endoscopic Approach', 74, 61);
insert into books (id, pub_date, is_bestseller, slug, title, image, description, price, discount) values (90, '11/4/2019', 1, 'lacinia', 'Stanley & Iris', 'http://dummyimage.com/247x.png/ff4444/ffffff', 'Supplement Left Pulmonary Vein with Zooplastic Tissue, Percutaneous Approach', 95, 0);
insert into books (id, pub_date, is_bestseller, slug, title, image, description, price, discount) values (91, '12/2/2012', 1, 'sit', 'Eight Miles High (Das wilde Leben)', 'http://dummyimage.com/241x.png/cc0000/ffffff', 'Revision of Infusion Device in Testis, Percutaneous Endoscopic Approach', 17, 0);
insert into books (id, pub_date, is_bestseller, slug, title, image, description, price, discount) values (92, '3/9/2020', 1, 'nisi', 'Lovesick', 'http://dummyimage.com/228x.png/ff4444/ffffff', 'Drainage of Right Palatine Bone, Percutaneous Endoscopic Approach', 2, 0);
insert into books (id, pub_date, is_bestseller, slug, title, image, description, price, discount) values (93, '10/18/2014', 1, 'primis', 'The Little Matchgirl', 'http://dummyimage.com/234x.png/ff4444/ffffff', 'Insertion of Pedicle-Based Spinal Stabilization Device into Lumbar Vertebral Joint, Percutaneous Approach', 34, 0);
insert into books (id, pub_date, is_bestseller, slug, title, image, description, price, discount) values (94, '4/12/2019', 1, 'risus', 'Kevin Hart: Let Me Explain', 'http://dummyimage.com/241x.png/dddddd/000000', 'Insertion of Monitoring Device into Abdominal Aorta, Open Approach', 50, 0);
insert into books (id, pub_date, is_bestseller, slug, title, image, description, price, discount) values (95, '3/1/2021', 0, 'magnis', 'Wog Boy, The', 'http://dummyimage.com/203x.png/cc0000/ffffff', 'Extirpation of Matter from Atrial Septum, Open Approach', 1, 52);
insert into books (id, pub_date, is_bestseller, slug, title, image, description, price, discount) values (96, '7/23/2018', 0, 'turpis', 'White Heat', 'http://dummyimage.com/215x.png/dddddd/000000', 'Extirpation of Matter from Right Vitreous, Percutaneous Approach', 36, 0);
insert into books (id, pub_date, is_bestseller, slug, title, image, description, price, discount) values (97, '1/21/2018', 0, 'magna', 'Lost Skeleton of Cadavra, The', 'http://dummyimage.com/222x.png/5fa2dd/ffffff', 'Supplement Lumbar Vertebra with Nonautologous Tissue Substitute, Percutaneous Approach', 4, 0);
insert into books (id, pub_date, is_bestseller, slug, title, image, description, price, discount) values (98, '2/6/2014', 0, 'primis', 'Nightmare Man', 'http://dummyimage.com/213x.png/cc0000/ffffff', 'Supplement Papillary Muscle with Zooplastic Tissue, Percutaneous Endoscopic Approach', 16, 59);
insert into books (id, pub_date, is_bestseller, slug, title, image, description, price, discount) values (99, '1/18/2022', 0, 'potenti', 'Doomsday', 'http://dummyimage.com/234x.png/5fa2dd/ffffff', 'Fusion of Lumbar Vertebral Joint with Interbody Fusion Device, Posterior Approach, Anterior Column, Percutaneous Endoscopic Approach', 99, 22);
insert into books (id, pub_date, is_bestseller, slug, title, image, description, price, discount) values (100, '10/25/2013', 0, 'sem', 'Brothers at War', 'http://dummyimage.com/247x.png/ff4444/ffffff', 'Occlusion of Bladder Neck with Intraluminal Device, Via Natural or Artificial Opening Endoscopic', 6, 17);
insert into books (id, pub_date, is_bestseller, slug, title, image, description, price, discount) values (101, '6/13/2021', 0, 'varius', 'Bear, The (Ours, L'')', 'http://dummyimage.com/229x.png/dddddd/000000', 'Removal of Infusion Device from Genitourinary Tract, Via Natural or Artificial Opening', 95, 0);
insert into books (id, pub_date, is_bestseller, slug, title, image, description, price, discount) values (102, '5/18/2013', 0, 'faucibus', '10.5', 'http://dummyimage.com/221x.png/ff4444/ffffff', 'Therapeutic Exercise Treatment of Musculoskeletal System - Upper Back / Upper Extremity using Prosthesis', 47, 0);
insert into books (id, pub_date, is_bestseller, slug, title, image, description, price, discount) values (103, '11/30/2020', 0, 'blandit', 'Crockdale', 'http://dummyimage.com/201x.png/5fa2dd/ffffff', 'Dilation of Right Ulnar Artery, Bifurcation, with Intraluminal Device, Open Approach', 81, 24);
insert into books (id, pub_date, is_bestseller, slug, title, image, description, price, discount) values (104, '1/26/2021', 1, 'volutpat', 'House of Frankenstein', 'http://dummyimage.com/222x.png/dddddd/000000', 'Supplement Right Carpal with Autologous Tissue Substitute, Open Approach', 20, 17);
insert into books (id, pub_date, is_bestseller, slug, title, image, description, price, discount) values (105, '11/1/2021', 0, 'tortor', 'Forest (Rengeteg)', 'http://dummyimage.com/246x.png/dddddd/000000', 'Planar Nuclear Medicine Imaging of Abdomen using Other Radionuclide', 39, 0);
insert into books (id, pub_date, is_bestseller, slug, title, image, description, price, discount) values (106, '6/5/2020', 0, 'faucibus', 'McConkey', 'http://dummyimage.com/242x.png/5fa2dd/ffffff', 'Replacement of Left Lower Arm Skin with Synthetic Substitute, Full Thickness, External Approach', 63, 0);
insert into books (id, pub_date, is_bestseller, slug, title, image, description, price, discount) values (107, '1/22/2023', 1, 'pede', 'Undead', 'http://dummyimage.com/214x.png/5fa2dd/ffffff', 'Replacement of Right Patella with Nonautologous Tissue Substitute, Percutaneous Endoscopic Approach', 26, 0);
insert into books (id, pub_date, is_bestseller, slug, title, image, description, price, discount) values (108, '3/29/2018', 0, 'consequat', 'In the Line of Duty: The F.B.I. Murders', 'http://dummyimage.com/214x.png/dddddd/000000', 'Reposition Epiglottis, Via Natural or Artificial Opening Endoscopic', 55, 0);
insert into books (id, pub_date, is_bestseller, slug, title, image, description, price, discount) values (109, '4/1/2014', 1, 'orci', 'Bikini Spring Break (Revenge of the Nerds'' Bikini Spring Break)', 'http://dummyimage.com/229x.png/cc0000/ffffff', 'Osteopathic Treatment of Upper Extremities using Low Velocity-High Amplitude Forces', 70, 29);
insert into books (id, pub_date, is_bestseller, slug, title, image, description, price, discount) values (110, '12/23/2015', 1, 'dapibus', 'Descendant of the Sun (Ri jie)', 'http://dummyimage.com/238x.png/5fa2dd/ffffff', 'Resection of Conduction Mechanism, Open Approach', 27, 0);
insert into books (id, pub_date, is_bestseller, slug, title, image, description, price, discount) values (111, '9/8/2016', 0, 'donec', 'Golden Thread, The (Subarnarekha)', 'http://dummyimage.com/200x.png/cc0000/ffffff', 'Excision of Right Upper Extremity Bursa and Ligament, Percutaneous Approach, Diagnostic', 69, 0);
insert into books (id, pub_date, is_bestseller, slug, title, image, description, price, discount) values (112, '2/17/2020', 0, 'maecenas', 'Dog Day (Canicule)', 'http://dummyimage.com/237x.png/dddddd/000000', 'Imaging, Urinary System, Ultrasonography', 92, 78);
insert into books (id, pub_date, is_bestseller, slug, title, image, description, price, discount) values (113, '6/2/2020', 1, 'orci', 'Lake Tahoe', 'http://dummyimage.com/204x.png/5fa2dd/ffffff', 'Excision of Left Orbit, Percutaneous Endoscopic Approach, Diagnostic', 21, 0);
insert into books (id, pub_date, is_bestseller, slug, title, image, description, price, discount) values (114, '7/29/2017', 1, 'at', 'Lord of the Flies', 'http://dummyimage.com/217x.png/dddddd/000000', 'Dilation of Cystic Duct, Open Approach', 73, 17);
insert into books (id, pub_date, is_bestseller, slug, title, image, description, price, discount) values (115, '9/30/2017', 1, '0a', 'Three Lives and Only One Death (Trois vies & une seule mort)', 'http://dummyimage.com/222x.png/cc0000/ffffff', 'Supplement Right Parietal Bone with Synthetic Substitute, Percutaneous Endoscopic Approach', 92, 0);
insert into books (id, pub_date, is_bestseller, slug, title, image, description, price, discount) values (116, '8/31/2014', 0, 'massa', 'Wolf Man, The', 'http://dummyimage.com/217x.png/ff4444/ffffff', 'Repair Left Internal Jugular Vein, Open Approach', 54, 65);
insert into books (id, pub_date, is_bestseller, slug, title, image, description, price, discount) values (117, '6/30/2022', 1, 'aenean', 'Crime and Punishment', 'http://dummyimage.com/250x.png/dddddd/000000', 'Reposition Intracranial Vein, Percutaneous Approach', 61, 57);
insert into books (id, pub_date, is_bestseller, slug, title, image, description, price, discount) values (118, '7/1/2013', 0, 'justo', 'El Hada Buena - Una Fábula Peronista', 'http://dummyimage.com/243x.png/ff4444/ffffff', 'Occlusion of Cecum with Extraluminal Device, Percutaneous Approach', 95, 14);
insert into books (id, pub_date, is_bestseller, slug, title, image, description, price, discount) values (119, '9/2/2018', 0, 'integer', 'Play Misty for Me', 'http://dummyimage.com/236x.png/ff4444/ffffff', 'Bypass Left Femoral Vein to Lower Vein with Nonautologous Tissue Substitute, Open Approach', 27, 58);
insert into books (id, pub_date, is_bestseller, slug, title, image, description, price, discount) values (120, '10/15/2016', 0, 'ac', 'Dead Again', 'http://dummyimage.com/239x.png/dddddd/000000', 'Revision of Nonautologous Tissue Substitute in Penis, External Approach', 82, 0);
insert into books (id, pub_date, is_bestseller, slug, title, image, description, price, discount) values (121, '10/4/2021', 1, 'rutrum', 'Knockout', 'http://dummyimage.com/224x.png/ff4444/ffffff', 'Insertion of Intraluminal Device into Right Temporal Artery, Percutaneous Endoscopic Approach', 45, 13);
insert into books (id, pub_date, is_bestseller, slug, title, image, description, price, discount) values (122, '11/18/2012', 0, 'eros', 'Balkan Spy (Balkanski spijun)', 'http://dummyimage.com/226x.png/5fa2dd/ffffff', 'Insertion of Radioactive Element into Left Upper Extremity, Percutaneous Approach', 67, 0);
insert into books (id, pub_date, is_bestseller, slug, title, image, description, price, discount) values (123, '11/14/2012', 1, 'donec', 'Strange Love of Martha Ivers, The', 'http://dummyimage.com/248x.png/5fa2dd/ffffff', 'Reposition Right Maxilla with Internal Fixation Device, Percutaneous Approach', 46, 65);
insert into books (id, pub_date, is_bestseller, slug, title, image, description, price, discount) values (124, '5/23/2014', 1, 'nisl', 'Frankenstein Meets the Wolf Man', 'http://dummyimage.com/249x.png/dddddd/000000', 'Inspection of Right Upper Arm, Percutaneous Endoscopic Approach', 42, 23);
insert into books (id, pub_date, is_bestseller, slug, title, image, description, price, discount) values (125, '5/24/2022', 1, 'convallis', 'Snowballs', 'http://dummyimage.com/201x.png/cc0000/ffffff', 'Insertion of Spacer into Right Acromioclavicular Joint, Percutaneous Endoscopic Approach', 96, 0);
insert into books (id, pub_date, is_bestseller, slug, title, image, description, price, discount) values (126, '7/7/2015', 1, 'est', 'Gaby: A True Story', 'http://dummyimage.com/238x.png/cc0000/ffffff', 'Bypass Left Popliteal Artery to Popliteal Artery with Synthetic Substitute, Open Approach', 66, 0);
insert into books (id, pub_date, is_bestseller, slug, title, image, description, price, discount) values (127, '11/20/2021', 0, 'pede', 'Jack and Jill', 'http://dummyimage.com/231x.png/5fa2dd/ffffff', 'Plaque Radiation of Bladder', 31, 0);
insert into books (id, pub_date, is_bestseller, slug, title, image, description, price, discount) values (128, '8/24/2013', 1, 'lectus', 'Saraband', 'http://dummyimage.com/207x.png/cc0000/ffffff', 'Supplement Left Ulna with Nonautologous Tissue Substitute, Open Approach', 9, 64);
insert into books (id, pub_date, is_bestseller, slug, title, image, description, price, discount) values (129, '7/7/2014', 0, 'a', 'Scorpion King 2: Rise of a Warrior, The', 'http://dummyimage.com/223x.png/dddddd/000000', 'Repair Mediastinum, Percutaneous Approach', 48, 34);
insert into books (id, pub_date, is_bestseller, slug, title, image, description, price, discount) values (130, '2/17/2014', 0, 'mauris', 'Nothing But the Night', 'http://dummyimage.com/219x.png/dddddd/000000', 'Revision of Monitoring Device in Kidney, Percutaneous Endoscopic Approach', 95, 0);
insert into books (id, pub_date, is_bestseller, slug, title, image, description, price, discount) values (131, '9/15/2017', 0, 'fusce', 'Incir Reçeli', 'http://dummyimage.com/204x.png/cc0000/ffffff', 'Reposition Right Fibula, External Approach', 15, 0);
insert into books (id, pub_date, is_bestseller, slug, title, image, description, price, discount) values (132, '12/2/2022', 1, 'ultrices', 'Misfortunates, The (De helaasheid der dingen)', 'http://dummyimage.com/229x.png/dddddd/000000', 'Resection of Right Fallopian Tube, Via Natural or Artificial Opening With Percutaneous Endoscopic Assistance', 41, 0);
insert into books (id, pub_date, is_bestseller, slug, title, image, description, price, discount) values (133, '9/8/2017', 1, 'blandit', 'Life Is a Long Quiet River (La vie est un long fleuve tranquille)', 'http://dummyimage.com/235x.png/ff4444/ffffff', 'Drainage of Left Abdomen Bursa and Ligament, Percutaneous Approach', 60, 0);
insert into books (id, pub_date, is_bestseller, slug, title, image, description, price, discount) values (134, '6/29/2013', 0, 'cubilia', 'Torso', 'http://dummyimage.com/244x.png/ff4444/ffffff', 'Magnetic Resonance Imaging (MRI) of Bilateral Lower Extremity Veins using Other Contrast, Unenhanced and Enhanced', 50, 0);
insert into books (id, pub_date, is_bestseller, slug, title, image, description, price, discount) values (135, '4/28/2018', 0, 'mollis', 'King and I, The', 'http://dummyimage.com/201x.png/5fa2dd/ffffff', 'Supplement Lower Artery with Autologous Tissue Substitute, Percutaneous Endoscopic Approach', 1, 51);
insert into books (id, pub_date, is_bestseller, slug, title, image, description, price, discount) values (136, '5/7/2013', 0, 'eu', 'Gentleman Jim', 'http://dummyimage.com/222x.png/dddddd/000000', 'Occlusion of Upper Vein with Intraluminal Device, Open Approach', 37, 53);
insert into books (id, pub_date, is_bestseller, slug, title, image, description, price, discount) values (137, '4/29/2015', 0, 'turpis', 'Asthenic Syndrome, The (Astenicheskiy sindrom)', 'http://dummyimage.com/239x.png/dddddd/000000', 'Drainage of Bilateral Ureters, Percutaneous Approach', 32, 0);
insert into books (id, pub_date, is_bestseller, slug, title, image, description, price, discount) values (138, '3/27/2018', 0, 'in', 'Jönssonligan på Mallorca', 'http://dummyimage.com/217x.png/5fa2dd/ffffff', 'Removal of Radioactive Element from Prostate and Seminal Vesicles, Via Natural or Artificial Opening', 38, 0);
insert into books (id, pub_date, is_bestseller, slug, title, image, description, price, discount) values (139, '5/30/2020', 1, 'orci', 'Kisses (Kuchizuke)', 'http://dummyimage.com/218x.png/5fa2dd/ffffff', 'Packing of Left Thumb using Packing Material', 59, 0);
insert into books (id, pub_date, is_bestseller, slug, title, image, description, price, discount) values (140, '12/4/2015', 0, 'accumsan', 'Island at War', 'http://dummyimage.com/250x.png/ff4444/ffffff', 'Revision of Drainage Device in Diaphragm, Via Natural or Artificial Opening', 87, 0);
insert into books (id, pub_date, is_bestseller, slug, title, image, description, price, discount) values (141, '4/1/2016', 1, 'suscipit', 'Eat Drink Man Woman (Yin shi nan nu)', 'http://dummyimage.com/230x.png/dddddd/000000', 'Extirpation of Matter from Right Subclavian Artery, Bifurcation, Percutaneous Approach', 77, 0);
insert into books (id, pub_date, is_bestseller, slug, title, image, description, price, discount) values (142, '3/2/2014', 0, 'tempus', 'Under the Sand', 'http://dummyimage.com/230x.png/5fa2dd/ffffff', 'Drainage of Adenoids with Drainage Device, Percutaneous Approach', 21, 27);
insert into books (id, pub_date, is_bestseller, slug, title, image, description, price, discount) values (143, '6/1/2023', 1, 'mollis', 'Hysterical Blindness', 'http://dummyimage.com/246x.png/5fa2dd/ffffff', 'Removal of Internal Fixation Device from Left Toe Phalangeal Joint, Percutaneous Approach', 24, 0);
insert into books (id, pub_date, is_bestseller, slug, title, image, description, price, discount) values (144, '3/15/2013', 1, 'sit', 'Bannen Way, The', 'http://dummyimage.com/209x.png/dddddd/000000', 'Bypass Left Lesser Saphenous Vein to Lower Vein with Synthetic Substitute, Percutaneous Endoscopic Approach', 27, 34);
insert into books (id, pub_date, is_bestseller, slug, title, image, description, price, discount) values (145, '7/5/2014', 1, 'rutrum', 'V for Vendetta', 'http://dummyimage.com/215x.png/ff4444/ffffff', 'Dilation of Left Hand Artery, Bifurcation, with Three Intraluminal Devices, Percutaneous Endoscopic Approach', 80, 15);
insert into books (id, pub_date, is_bestseller, slug, title, image, description, price, discount) values (146, '4/19/2014', 0, 'potenti', 'Children in the Wind (Kaze no naka no kodomo)', 'http://dummyimage.com/247x.png/cc0000/ffffff', 'Bypass Left Femoral Artery to Popliteal Artery with Nonautologous Tissue Substitute, Percutaneous Endoscopic Approach', 10, 0);
insert into books (id, pub_date, is_bestseller, slug, title, image, description, price, discount) values (147, '3/7/2022', 0, 'quis', 'Over the Top', 'http://dummyimage.com/222x.png/dddddd/000000', 'Bypass Abdominal Aorta to Right Renal Artery with Nonautologous Tissue Substitute, Open Approach', 34, 0);
insert into books (id, pub_date, is_bestseller, slug, title, image, description, price, discount) values (148, '1/18/2015', 0, 'ac', 'Lady Oscar', 'http://dummyimage.com/214x.png/cc0000/ffffff', 'Removal of Nonautologous Tissue Substitute from Head, External Approach', 43, 0);
insert into books (id, pub_date, is_bestseller, slug, title, image, description, price, discount) values (149, '6/1/2013', 1, 'massa', 'Me, Myself & Irene', 'http://dummyimage.com/221x.png/dddddd/000000', 'Removal of Packing Material on Left Inguinal Region', 64, 0);
insert into books (id, pub_date, is_bestseller, slug, title, image, description, price, discount) values (150, '6/10/2020', 0, 'sit', 'Missile to the Moon', 'http://dummyimage.com/216x.png/ff4444/ffffff', 'Fluoroscopy of Bilateral Internal Carotid Arteries', 89, 0);
insert into books (id, pub_date, is_bestseller, slug, title, image, description, price, discount) values (151, '11/10/2017', 0, 'eget', 'Buddha Collapsed Out of Shame', 'http://dummyimage.com/220x.png/ff4444/ffffff', 'Drainage of Upper Lip, Percutaneous Approach, Diagnostic', 2, 54);
insert into books (id, pub_date, is_bestseller, slug, title, image, description, price, discount) values (152, '6/25/2021', 0, 'dignissim', 'War Comes to America (Why We Fight, 7)', 'http://dummyimage.com/224x.png/cc0000/ffffff', 'Release Left Ulnar Artery, Percutaneous Approach', 12, 0);
insert into books (id, pub_date, is_bestseller, slug, title, image, description, price, discount) values (153, '4/30/2015', 0, 'in', 'Doorway to Hell, The', 'http://dummyimage.com/210x.png/dddddd/000000', 'Drainage of Gallbladder, Open Approach', 68, 0);
insert into books (id, pub_date, is_bestseller, slug, title, image, description, price, discount) values (154, '3/6/2014', 0, 'faucibus', 'Kid Brother, The', 'http://dummyimage.com/208x.png/5fa2dd/ffffff', 'Drainage of Left Ureter with Drainage Device, Via Natural or Artificial Opening Endoscopic', 31, 0);
insert into books (id, pub_date, is_bestseller, slug, title, image, description, price, discount) values (155, '8/31/2014', 1, 'pellentesque', 'Blue Sunshine', 'http://dummyimage.com/202x.png/5fa2dd/ffffff', 'Repair Left Temporal Artery, Percutaneous Endoscopic Approach', 30, 0);
insert into books (id, pub_date, is_bestseller, slug, title, image, description, price, discount) values (156, '4/20/2021', 1, 'vestibulum', 'Master of the Universe', 'http://dummyimage.com/217x.png/ff4444/ffffff', 'Reposition Right Elbow Bursa and Ligament, Open Approach', 15, 0);
insert into books (id, pub_date, is_bestseller, slug, title, image, description, price, discount) values (157, '6/22/2012', 1, 'sapien', 'Open Season 2', 'http://dummyimage.com/221x.png/ff4444/ffffff', 'Revision of Extraluminal Device in Fallopian Tube, Percutaneous Approach', 94, 0);
insert into books (id, pub_date, is_bestseller, slug, title, image, description, price, discount) values (158, '8/1/2019', 0, 'aliquam', 'How They Get There', 'http://dummyimage.com/248x.png/ff4444/ffffff', 'Revision of Infusion Device in Cranial Nerve, Percutaneous Endoscopic Approach', 19, 0);
insert into books (id, pub_date, is_bestseller, slug, title, image, description, price, discount) values (159, '11/26/2019', 0, 'vestibulum', 'Gospel of Judas, The', 'http://dummyimage.com/226x.png/ff4444/ffffff', 'Excision of Left Lower Arm and Wrist Muscle, Percutaneous Approach, Diagnostic', 12, 0);
insert into books (id, pub_date, is_bestseller, slug, title, image, description, price, discount) values (160, '8/25/2017', 1, 'risus', 'Welcome Mr. Marshall (Bienvenido Mister Marshall)', 'http://dummyimage.com/200x.png/ff4444/ffffff', 'Replacement of Right External Iliac Vein with Nonautologous Tissue Substitute, Open Approach', 56, 0);
insert into books (id, pub_date, is_bestseller, slug, title, image, description, price, discount) values (161, '11/28/2022', 1, 'mattis', 'Circle of Eight', 'http://dummyimage.com/225x.png/dddddd/000000', 'Drainage of Femoral Nerve, Open Approach', 71, 0);
insert into books (id, pub_date, is_bestseller, slug, title, image, description, price, discount) values (162, '6/30/2018', 0, 'libero', 'War Made Easy: How Presidents & Pundits Keep Spinning Us to Death', 'http://dummyimage.com/246x.png/ff4444/ffffff', 'Excision of Left Ulna, Percutaneous Approach', 65, 0);
insert into books (id, pub_date, is_bestseller, slug, title, image, description, price, discount) values (163, '2/27/2013', 1, 'dapibus', 'Trucker', 'http://dummyimage.com/234x.png/dddddd/000000', 'Communicative/Cognitive Integration Skills Assessment of Neurological System - Whole Body using Computer', 70, 58);
insert into books (id, pub_date, is_bestseller, slug, title, image, description, price, discount) values (164, '4/30/2019', 0, 'pulvinar', 'Orphan', 'http://dummyimage.com/205x.png/cc0000/ffffff', 'Drainage of Intracranial Artery, Open Approach, Diagnostic', 15, 0);
insert into books (id, pub_date, is_bestseller, slug, title, image, description, price, discount) values (165, '9/19/2013', 1, 'ipsum', 'Waiting...', 'http://dummyimage.com/201x.png/cc0000/ffffff', 'Drainage of Left External Ear, Percutaneous Endoscopic Approach, Diagnostic', 79, 0);
insert into books (id, pub_date, is_bestseller, slug, title, image, description, price, discount) values (166, '2/1/2018', 1, 'tempor', 'Law and Order', 'http://dummyimage.com/228x.png/ff4444/ffffff', 'Swallowing Dysfunction Treatment using Aerodynamic Function Equipment', 24, 39);
insert into books (id, pub_date, is_bestseller, slug, title, image, description, price, discount) values (167, '9/30/2012', 1, 'eget', 'I Want Someone to Eat Cheese With', 'http://dummyimage.com/203x.png/dddddd/000000', 'Destruction of Right Internal Jugular Vein, Percutaneous Endoscopic Approach', 1, 67);
insert into books (id, pub_date, is_bestseller, slug, title, image, description, price, discount) values (168, '10/4/2022', 1, 'felis', 'XX/XY', 'http://dummyimage.com/230x.png/cc0000/ffffff', 'Upper Veins, Extirpation', 30, 0);
insert into books (id, pub_date, is_bestseller, slug, title, image, description, price, discount) values (169, '9/2/2022', 0, '0am', 'Faces of Death: Fact or Fiction?', 'http://dummyimage.com/247x.png/cc0000/ffffff', 'Release Ascending Colon, Via Natural or Artificial Opening Endoscopic', 59, 69);
insert into books (id, pub_date, is_bestseller, slug, title, image, description, price, discount) values (170, '3/30/2018', 1, 'aliquet', 'Eye of the Devil', 'http://dummyimage.com/225x.png/cc0000/ffffff', 'Removal of Intraluminal Device from Nose, Percutaneous Approach', 5, 29);
insert into books (id, pub_date, is_bestseller, slug, title, image, description, price, discount) values (171, '6/26/2018', 0, 'interdum', 'Tale of Two Cities, A', 'http://dummyimage.com/211x.png/dddddd/000000', 'Repair Right External Jugular Vein, Percutaneous Endoscopic Approach', 96, 22);
insert into books (id, pub_date, is_bestseller, slug, title, image, description, price, discount) values (172, '4/18/2018', 1, 'consequat', 'White Night (Hvid nat)', 'http://dummyimage.com/215x.png/ff4444/ffffff', 'Therapeutic Exercise Treatment of Respiratory System - Upper Back / Upper Extremity using Electrotherapeutic Equipment', 46, 0);
insert into books (id, pub_date, is_bestseller, slug, title, image, description, price, discount) values (173, '2/24/2019', 1, 'iaculis', 'Substitute, The', 'http://dummyimage.com/201x.png/ff4444/ffffff', 'Resection of Aortic Lymphatic, Percutaneous Endoscopic Approach', 37, 0);
insert into books (id, pub_date, is_bestseller, slug, title, image, description, price, discount) values (174, '11/30/2015', 1, 'diam', 'Walk Softly, Stranger', 'http://dummyimage.com/229x.png/5fa2dd/ffffff', 'Occlusion of Common Bile Duct with Extraluminal Device, Percutaneous Approach', 20, 36);
insert into books (id, pub_date, is_bestseller, slug, title, image, description, price, discount) values (175, '6/27/2014', 0, 'in', 'Without a Clue', 'http://dummyimage.com/203x.png/ff4444/ffffff', 'Supplement of Back Subcutaneous Tissue and Fascia with Autologous Tissue Substitute, Percutaneous Approach', 65, 0);
insert into books (id, pub_date, is_bestseller, slug, title, image, description, price, discount) values (176, '5/19/2022', 0, 'praesent', 'Fuga de cerebros', 'http://dummyimage.com/208x.png/ff4444/ffffff', 'Drainage of Thoracic Spinal Cord, Percutaneous Endoscopic Approach, Diagnostic', 39, 0);
insert into books (id, pub_date, is_bestseller, slug, title, image, description, price, discount) values (177, '11/3/2019', 0, 'orci', 'Deadly Voyage', 'http://dummyimage.com/215x.png/dddddd/000000', 'Removal of Nonautologous Tissue Substitute from Cervical Vertebral Joint, Percutaneous Approach', 4, 0);
insert into books (id, pub_date, is_bestseller, slug, title, image, description, price, discount) values (178, '4/29/2016', 1, 'quam', 'Hippie Masala - Forever in India', 'http://dummyimage.com/247x.png/5fa2dd/ffffff', 'Occlusion of Left Ureter with Intraluminal Device, Percutaneous Endoscopic Approach', 79, 0);
insert into books (id, pub_date, is_bestseller, slug, title, image, description, price, discount) values (179, '6/11/2020', 1, 'aliquam', 'Clerks', 'http://dummyimage.com/210x.png/ff4444/ffffff', 'Extirpation of Matter from Right Rib, Percutaneous Endoscopic Approach', 66, 0);
insert into books (id, pub_date, is_bestseller, slug, title, image, description, price, discount) values (180, '11/8/2015', 0, 'eu', 'Lord, Save Us from Your Followers', 'http://dummyimage.com/228x.png/cc0000/ffffff', 'Removal of Intermittent Pressure Device on Right Foot', 13, 0);
insert into books (id, pub_date, is_bestseller, slug, title, image, description, price, discount) values (181, '12/25/2017', 0, 'sapien', 'I, the Jury', 'http://dummyimage.com/233x.png/cc0000/ffffff', 'Drainage of Left Radial Artery, Percutaneous Endoscopic Approach', 75, 0);
insert into books (id, pub_date, is_bestseller, slug, title, image, description, price, discount) values (182, '2/23/2016', 0, 'tincidunt', 'Gattaca', 'http://dummyimage.com/210x.png/cc0000/ffffff', 'Drainage of Cranial Cavity with Drainage Device, Percutaneous Approach', 30, 0);
insert into books (id, pub_date, is_bestseller, slug, title, image, description, price, discount) values (183, '8/5/2012', 0, 'nec', 'After Midnight', 'http://dummyimage.com/230x.png/5fa2dd/ffffff', 'Transfusion of Autologous Bone Marrow into Peripheral Vein, Open Approach', 63, 0);
insert into books (id, pub_date, is_bestseller, slug, title, image, description, price, discount) values (184, '12/18/2022', 0, 'lacus', 'Transit', 'http://dummyimage.com/236x.png/dddddd/000000', 'Ultrasonography of Bilateral Lower Extremity Veins, Intravascular', 78, 0);
insert into books (id, pub_date, is_bestseller, slug, title, image, description, price, discount) values (185, '11/2/2015', 1, 'cubilia', 'Principal, The', 'http://dummyimage.com/227x.png/5fa2dd/ffffff', 'Revision of Autologous Tissue Substitute in Vagina and Cul-de-sac, Percutaneous Endoscopic Approach', 63, 12);
insert into books (id, pub_date, is_bestseller, slug, title, image, description, price, discount) values (186, '11/3/2019', 0, 'aliquam', 'Tammy and the T-Rex', 'http://dummyimage.com/208x.png/5fa2dd/ffffff', 'Division of Cerebral Hemisphere, Open Approach', 15, 0);
insert into books (id, pub_date, is_bestseller, slug, title, image, description, price, discount) values (187, '3/2/2014', 0, 'magna', 'Purge, The', 'http://dummyimage.com/230x.png/5fa2dd/ffffff', 'Alteration of Right Axilla, Open Approach', 25, 79);
insert into books (id, pub_date, is_bestseller, slug, title, image, description, price, discount) values (188, '5/2/2019', 1, 'molestie', 'Liberation of L.B. Jones, The', 'http://dummyimage.com/228x.png/dddddd/000000', 'Destruction of Gastric Artery, Percutaneous Endoscopic Approach', 17, 0);
insert into books (id, pub_date, is_bestseller, slug, title, image, description, price, discount) values (189, '9/6/2022', 1, 'lectus', 'James Dean', 'http://dummyimage.com/229x.png/ff4444/ffffff', 'Inspection of Bladder, Via Natural or Artificial Opening', 58, 0);
insert into books (id, pub_date, is_bestseller, slug, title, image, description, price, discount) values (190, '11/19/2018', 0, 'vel', 'Intruder, The', 'http://dummyimage.com/242x.png/5fa2dd/ffffff', 'Excision of Left Sphenoid Bone, Open Approach', 70, 0);
insert into books (id, pub_date, is_bestseller, slug, title, image, description, price, discount) values (191, '8/15/2020', 0, 'at', 'Belle of the Nineties', 'http://dummyimage.com/231x.png/cc0000/ffffff', 'Low Dose Rate (LDR) Brachytherapy of Mediastinum using Other Isotope', 6, 0);
insert into books (id, pub_date, is_bestseller, slug, title, image, description, price, discount) values (192, '1/21/2020', 1, 'montes', 'China Lake Murders, The', 'http://dummyimage.com/249x.png/5fa2dd/ffffff', 'Supplement Left Trunk Bursa and Ligament with Autologous Tissue Substitute, Open Approach', 59, 33);
insert into books (id, pub_date, is_bestseller, slug, title, image, description, price, discount) values (193, '2/27/2023', 0, 'cras', 'Fluke', 'http://dummyimage.com/210x.png/5fa2dd/ffffff', 'Dilation of Left Greater Saphenous Vein with Intraluminal Device, Open Approach', 35, 0);
insert into books (id, pub_date, is_bestseller, slug, title, image, description, price, discount) values (194, '8/1/2018', 0, 'posuere', 'Incident at Oglala', 'http://dummyimage.com/227x.png/cc0000/ffffff', 'Transfer Oculomotor Nerve to Trigeminal Nerve, Open Approach', 24, 20);
insert into books (id, pub_date, is_bestseller, slug, title, image, description, price, discount) values (195, '4/25/2017', 1, 'risus', 'Getting Any? (Minnâ-yatteruka!)', 'http://dummyimage.com/221x.png/cc0000/ffffff', 'High Dose Rate (HDR) Brachytherapy of Peripheral Nerve using Iodine 125 (I-125)', 96, 54);
insert into books (id, pub_date, is_bestseller, slug, title, image, description, price, discount) values (196, '8/1/2012', 0, 'curae', 'Outrage (Autoreiji)', 'http://dummyimage.com/232x.png/dddddd/000000', 'Supplement Right Greater Saphenous Vein with Synthetic Substitute, Percutaneous Endoscopic Approach', 89, 61);
insert into books (id, pub_date, is_bestseller, slug, title, image, description, price, discount) values (197, '3/17/2016', 0, 'erat', 'Wake Up, Ron Burgundy', 'http://dummyimage.com/242x.png/cc0000/ffffff', 'Insertion of Intramedullary Internal Fixation Device into Left Humeral Head, Percutaneous Endoscopic Approach', 82, 77);
insert into books (id, pub_date, is_bestseller, slug, title, image, description, price, discount) values (198, '9/10/2012', 0, 'cursus', 'Starship Troopers 3: Marauder', 'http://dummyimage.com/200x.png/dddddd/000000', 'Transplantation of Thymus, Syngeneic, Open Approach', 79, 0);
insert into books (id, pub_date, is_bestseller, slug, title, image, description, price, discount) values (199, '8/26/2022', 0, 'ut', 'Position Among The Stars (Stand van de Sterren)', 'http://dummyimage.com/211x.png/ff4444/ffffff', 'Hyperthermia of Arm Skin', 84, 36);
insert into books (id, pub_date, is_bestseller, slug, title, image, description, price, discount) values (200, '6/20/2019', 1, 'justo', 'At Home by Myself... with You', 'http://dummyimage.com/247x.png/5fa2dd/ffffff', 'Revision of Autologous Tissue Substitute in Left Sternoclavicular Joint, External Approach', 50, 52);

insert into authors (id, photo, slug, name, description) values (1, 'http://dummyimage.com/220x.png/dddddd/000000', 'adipiscing', 'Ogdon Andreacci', 'Supplement Ventricular Septum with Synthetic Substitute, Percutaneous Endoscopic Approach');
insert into authors (id, photo, slug, name, description) values (2, 'http://dummyimage.com/222x.png/ff4444/ffffff', 'odio', 'Sheilah Paggitt', 'Revision of External Fixation Device in Right Humeral Shaft, Percutaneous Endoscopic Approach');
insert into authors (id, photo, slug, name, description) values (3, 'http://dummyimage.com/242x.png/ff4444/ffffff', 'ultrices', 'Evered Merrikin', 'Supplement Right Diaphragm with Nonautologous Tissue Substitute, Percutaneous Endoscopic Approach');
insert into authors (id, photo, slug, name, description) values (4, 'http://dummyimage.com/225x.png/dddddd/000000', 'purus', 'Dinnie Mattschas', 'Revision of Internal Fixation Device in Left Metacarpophalangeal Joint, Open Approach');
insert into authors (id, photo, slug, name, description) values (5, 'http://dummyimage.com/227x.png/ff4444/ffffff', 'aenean', 'Prent McCorry', 'Dilation of Innominate Artery with Four or More Intraluminal Devices, Percutaneous Endoscopic Approach');
insert into authors (id, photo, slug, name, description) values (6, 'http://dummyimage.com/202x.png/cc0000/ffffff', 'aliquam', 'Hermina Mangion', 'Excision of Left Inguinal Region, Percutaneous Endoscopic Approach');
insert into authors (id, photo, slug, name, description) values (7, 'http://dummyimage.com/228x.png/5fa2dd/ffffff', 'libero', 'Avrit Chenery', 'Reposition Left Carpal Joint, Open Approach');
insert into authors (id, photo, slug, name, description) values (8, 'http://dummyimage.com/222x.png/5fa2dd/ffffff', 'donec', 'Sisile Chaperling', 'Insertion of Radioactive Element into Right Inguinal Region, Percutaneous Approach');
insert into authors (id, photo, slug, name, description) values (9, 'http://dummyimage.com/238x.png/5fa2dd/ffffff', 'sit', 'Reginald Clothier', 'Restriction of Pancreatic Duct with Extraluminal Device, Percutaneous Approach');
insert into authors (id, photo, slug, name, description) values (10, 'http://dummyimage.com/201x.png/cc0000/ffffff', 'dolor', 'Erminia Kulas', 'Bypass Right Kidney Pelvis to Left Kidney Pelvis with Synthetic Substitute, Percutaneous Endoscopic Approach');
insert into authors (id, photo, slug, name, description) values (11, 'http://dummyimage.com/235x.png/dddddd/000000', 'mattis', 'Drew Fairs', 'Plain Radiography of Bilateral Lower Extremity Lymphatics using High Osmolar Contrast');
insert into authors (id, photo, slug, name, description) values (12, 'http://dummyimage.com/209x.png/ff4444/ffffff', 'eleifend', 'Jere Bendle', 'Upper Bones, Inspection');
insert into authors (id, photo, slug, name, description) values (13, 'http://dummyimage.com/232x.png/ff4444/ffffff', 'suscipit', 'Bogart Burnall', 'Bypass Right Renal Vein to Lower Vein with Synthetic Substitute, Open Approach');
insert into authors (id, photo, slug, name, description) values (14, 'http://dummyimage.com/208x.png/cc0000/ffffff', 'amet', 'Nona Ralls', 'Drainage of Left Trunk Bursa and Ligament with Drainage Device, Percutaneous Approach');
insert into authors (id, photo, slug, name, description) values (15, 'http://dummyimage.com/230x.png/cc0000/ffffff', 'cras', 'Greer McCreery', 'Removal of Nonautologous Tissue Substitute from Omentum, Open Approach');
insert into authors (id, photo, slug, name, description) values (16, 'http://dummyimage.com/236x.png/5fa2dd/ffffff', 'quam', 'Jenelle Alibone', 'Reposition Ascending Colon, Via Natural or Artificial Opening Endoscopic');
insert into authors (id, photo, slug, name, description) values (17, 'http://dummyimage.com/245x.png/dddddd/000000', 'justo', 'Erwin Greader', 'Control Bleeding in Left Lower Leg, Percutaneous Approach');
insert into authors (id, photo, slug, name, description) values (18, 'http://dummyimage.com/249x.png/5fa2dd/ffffff', 'at', 'Hammad Simnel', 'Reposition Hepatic Vein, Percutaneous Endoscopic Approach');
insert into authors (id, photo, slug, name, description) values (19, 'http://dummyimage.com/214x.png/dddddd/000000', 'tellus', 'Terry Keith', 'Insertion of Monoplanar External Fixation Device into Left Humeral Shaft, Open Approach');
insert into authors (id, photo, slug, name, description) values (20, 'http://dummyimage.com/212x.png/cc0000/ffffff', 'praesent', 'Roddy Jurick', 'Occlusion of Right Vertebral Artery with Intraluminal Device, Open Approach');
insert into authors (id, photo, slug, name, description) values (21, 'http://dummyimage.com/228x.png/dddddd/000000', 'elit', 'Karena Bostick', 'Dilation of Left Popliteal Artery, Bifurcation, with Drug-eluting Intraluminal Device, Percutaneous Endoscopic Approach');
insert into authors (id, photo, slug, name, description) values (22, 'http://dummyimage.com/224x.png/5fa2dd/ffffff', 'leo', 'Maurene Alsobrook', 'Beam Radiation of Chest Wall using Photons <1 MeV');
insert into authors (id, photo, slug, name, description) values (23, 'http://dummyimage.com/234x.png/cc0000/ffffff', 'sed', 'Anissa Argrave', 'Restriction of Left Axillary Artery, Open Approach');
insert into authors (id, photo, slug, name, description) values (24, 'http://dummyimage.com/215x.png/5fa2dd/ffffff', 'condimentum', 'Jamil Leavry', 'Division of Pudendal Nerve, Percutaneous Approach');
insert into authors (id, photo, slug, name, description) values (25, 'http://dummyimage.com/238x.png/dddddd/000000', 'sagittis', 'Lorie Strangward', 'Alteration of Left Lower Eyelid with Synthetic Substitute, Percutaneous Approach');
insert into authors (id, photo, slug, name, description) values (26, 'http://dummyimage.com/225x.png/5fa2dd/ffffff', 'integer', 'Blondie Mariaud', 'Repair Right Ankle Bursa and Ligament, Percutaneous Approach');
insert into authors (id, photo, slug, name, description) values (27, 'http://dummyimage.com/222x.png/ff4444/ffffff', 'donec', 'Mariejeanne Mattschas', 'Excision of Left Humeral Shaft, Open Approach');
insert into authors (id, photo, slug, name, description) values (28, 'http://dummyimage.com/241x.png/cc0000/ffffff', 'lobortis', 'Douglass Tassell', 'Supplement Left External Iliac Vein with Synthetic Substitute, Percutaneous Approach');
insert into authors (id, photo, slug, name, description) values (29, 'http://dummyimage.com/229x.png/5fa2dd/ffffff', 'nunc', 'Ingeberg Cawdron', 'Division of Right Ovary, Open Approach');
insert into authors (id, photo, slug, name, description) values (30, 'http://dummyimage.com/208x.png/dddddd/000000', 'id', 'Elissa Riba', 'Removal of Nonautologous Tissue Substitute from Left Metacarpal, Percutaneous Endoscopic Approach');
insert into authors (id, photo, slug, name, description) values (31, 'http://dummyimage.com/218x.png/5fa2dd/ffffff', 'et', 'Dianemarie Harwell', 'Supplement Left Face Vein with Nonautologous Tissue Substitute, Percutaneous Approach');
insert into authors (id, photo, slug, name, description) values (32, 'http://dummyimage.com/212x.png/dddddd/000000', 'nisi', 'Jodie Skelbeck', 'Revision of Intraluminal Device in Bladder, Open Approach');
insert into authors (id, photo, slug, name, description) values (33, 'http://dummyimage.com/244x.png/cc0000/ffffff', 'quis', 'Berke Dudenie', 'Restriction of Left External Jugular Vein with Extraluminal Device, Percutaneous Approach');
insert into authors (id, photo, slug, name, description) values (34, 'http://dummyimage.com/234x.png/cc0000/ffffff', 'tincidunt', 'Stanfield Lawes', 'Chiropractic Manipulation of Upper Extremities, Mechanically Assisted');
insert into authors (id, photo, slug, name, description) values (35, 'http://dummyimage.com/201x.png/dddddd/000000', 'donec', 'Toddie Lapsley', 'Destruction of Chordae Tendineae, Open Approach');
insert into authors (id, photo, slug, name, description) values (36, 'http://dummyimage.com/202x.png/dddddd/000000', 'quis', 'Fernando MacMychem', 'Destruction of Lingula Bronchus, Via Natural or Artificial Opening Endoscopic');
insert into authors (id, photo, slug, name, description) values (37, 'http://dummyimage.com/212x.png/dddddd/000000', 'sagittis', 'Cullin Kristoffersen', 'Insertion of Internal Fixation Device into Right Elbow Joint, Open Approach');
insert into authors (id, photo, slug, name, description) values (38, 'http://dummyimage.com/215x.png/dddddd/000000', 'amet', 'Andi Peevor', 'Plain Radiography of Ileal Diversion Loop');
insert into authors (id, photo, slug, name, description) values (39, 'http://dummyimage.com/225x.png/cc0000/ffffff', 'curabitur', 'Billye Vitet', 'Occlusion of Left Large Intestine with Intraluminal Device, Via Natural or Artificial Opening');
insert into authors (id, photo, slug, name, description) values (40, 'http://dummyimage.com/214x.png/cc0000/ffffff', 'porttitor', 'Janeva Bernardini', 'Restriction of Left Lacrimal Duct with Intraluminal Device, Percutaneous Approach');
insert into authors (id, photo, slug, name, description) values (41, 'http://dummyimage.com/217x.png/cc0000/ffffff', 'fermentum', 'Barrett Chantrell', 'Excision of Appendix, Percutaneous Approach');
insert into authors (id, photo, slug, name, description) values (42, 'http://dummyimage.com/228x.png/cc0000/ffffff', 'nisl', 'Wanids Wildes', 'Resection of Lingula Bronchus, Open Approach');
insert into authors (id, photo, slug, name, description) values (43, 'http://dummyimage.com/239x.png/cc0000/ffffff', 'orci', 'Fawnia Gaitskell', 'Computerized Tomography (CT Scan) of Bilateral Pulmonary Veins using High Osmolar Contrast, Unenhanced and Enhanced');
insert into authors (id, photo, slug, name, description) values (44, 'http://dummyimage.com/244x.png/dddddd/000000', 'rutrum', 'Janene Grigoriev', 'Drainage of Glomus Jugulare, Open Approach, Diagnostic');
insert into authors (id, photo, slug, name, description) values (45, 'http://dummyimage.com/246x.png/cc0000/ffffff', 'orci', 'Barrie Edgecumbe', 'Removal of Drainage Device from Right Elbow Joint, External Approach');
insert into authors (id, photo, slug, name, description) values (46, 'http://dummyimage.com/205x.png/ff4444/ffffff', 'ipsum', 'Nanete Iddison', 'Destruction of Right Thyroid Artery, Open Approach');
insert into authors (id, photo, slug, name, description) values (47, 'http://dummyimage.com/233x.png/dddddd/000000', 'suspendisse', 'Palm Jenne', 'Revision of Infusion Device in Lower Artery, Percutaneous Approach');
insert into authors (id, photo, slug, name, description) values (48, 'http://dummyimage.com/248x.png/ff4444/ffffff', 'ac', 'Reta Brabban', 'Excision of Right Greater Saphenous Vein, Percutaneous Approach');
insert into authors (id, photo, slug, name, description) values (49, 'http://dummyimage.com/219x.png/cc0000/ffffff', 'non', 'Larissa Dunsleve', 'Replacement of Left Lower Leg Tendon with Autologous Tissue Substitute, Percutaneous Endoscopic Approach');
insert into authors (id, photo, slug, name, description) values (50, 'http://dummyimage.com/215x.png/5fa2dd/ffffff', 'cras', 'Garvy Grievson', 'Excision of Right Eustachian Tube, Percutaneous Approach, Diagnostic');
insert into authors (id, photo, slug, name, description) values (51, 'http://dummyimage.com/232x.png/dddddd/000000', 'orci', 'Gradeigh Staneland', 'Insertion of Intraluminal Device into Right Internal Mammary Artery, Percutaneous Endoscopic Approach');
insert into authors (id, photo, slug, name, description) values (52, 'http://dummyimage.com/212x.png/5fa2dd/ffffff', 'sapien', 'Darcy Osanne', 'Removal of Internal Fixation Device from Left Clavicle, Percutaneous Approach');
insert into authors (id, photo, slug, name, description) values (53, 'http://dummyimage.com/243x.png/dddddd/000000', 'aliquam', 'Pia Lingley', 'Caregiver Training in Bed Mobility using Orthosis');
insert into authors (id, photo, slug, name, description) values (54, 'http://dummyimage.com/243x.png/ff4444/ffffff', 'nulla', 'Aubert Matuszkiewicz', 'Non-invasive Instrumental Status Assessment using Speech Analysis Equipment');
insert into authors (id, photo, slug, name, description) values (55, 'http://dummyimage.com/236x.png/dddddd/000000', 'eu', 'Siegfried Manilo', 'Revision of Infusion Device in Liver, Percutaneous Endoscopic Approach');
insert into authors (id, photo, slug, name, description) values (56, 'http://dummyimage.com/213x.png/cc0000/ffffff', 'praesent', 'Sarene Gallandre', 'Release Right Lower Leg Subcutaneous Tissue and Fascia, External Approach');
insert into authors (id, photo, slug, name, description) values (57, 'http://dummyimage.com/210x.png/cc0000/ffffff', 'eu', 'Fanni Saffell', 'Revision of Monitoring Device in Spinal Cord, External Approach');
insert into authors (id, photo, slug, name, description) values (58, 'http://dummyimage.com/213x.png/5fa2dd/ffffff', 'auctor', 'Lazar Janzen', 'Dilation of Coronary Artery, One Artery with Two Intraluminal Devices, Open Approach');
insert into authors (id, photo, slug, name, description) values (59, 'http://dummyimage.com/200x.png/ff4444/ffffff', 'blandit', 'Nickey Gother', 'Supplement Right Middle Finger with Synthetic Substitute, Percutaneous Endoscopic Approach');
insert into authors (id, photo, slug, name, description) values (60, 'http://dummyimage.com/204x.png/ff4444/ffffff', 'odio', 'Obed Aulton', 'Replacement of Right Tibia with Autologous Tissue Substitute, Percutaneous Endoscopic Approach');
insert into authors (id, photo, slug, name, description) values (61, 'http://dummyimage.com/224x.png/5fa2dd/ffffff', 'purus', 'Kissiah Cunliffe', 'Excision of Olfactory Nerve, Open Approach, Diagnostic');
insert into authors (id, photo, slug, name, description) values (62, 'http://dummyimage.com/201x.png/cc0000/ffffff', 'amet', 'Bear Olijve', 'Replacement of Superior Vena Cava with Synthetic Substitute, Open Approach');
insert into authors (id, photo, slug, name, description) values (63, 'http://dummyimage.com/234x.png/5fa2dd/ffffff', 'habitasse', 'Paulette Relton', 'Dilation of Left Radial Artery with Drug-eluting Intraluminal Device, Percutaneous Endoscopic Approach');
insert into authors (id, photo, slug, name, description) values (64, 'http://dummyimage.com/238x.png/dddddd/000000', 'ultrices', 'Antonella Holliar', 'Revision of Radioactive Element in Genitourinary Tract, Open Approach');
insert into authors (id, photo, slug, name, description) values (65, 'http://dummyimage.com/225x.png/5fa2dd/ffffff', 'consequat', 'Emlen O''Currane', 'Bypass Jejunum to Cutaneous with Synthetic Substitute, Open Approach');
insert into authors (id, photo, slug, name, description) values (66, 'http://dummyimage.com/231x.png/dddddd/000000', 'nunc', 'Amber Wilson', 'Restriction of Small Intestine, Percutaneous Approach');
insert into authors (id, photo, slug, name, description) values (67, 'http://dummyimage.com/205x.png/cc0000/ffffff', 'erat', 'Erena Mellanby', 'Insertion of Internal Fixation Device into Right Sternoclavicular Joint, Percutaneous Approach');
insert into authors (id, photo, slug, name, description) values (68, 'http://dummyimage.com/247x.png/dddddd/000000', 'venenatis', 'Chelsy Eick', 'Replacement of Right Metatarsal with Autologous Tissue Substitute, Percutaneous Endoscopic Approach');
insert into authors (id, photo, slug, name, description) values (69, 'http://dummyimage.com/219x.png/dddddd/000000', 'posuere', 'Jewelle Doohan', 'Supplement Bladder with Synthetic Substitute, Open Approach');
insert into authors (id, photo, slug, name, description) values (70, 'http://dummyimage.com/204x.png/ff4444/ffffff', 'tincidunt', 'Derron Burbank', 'Removal of Synthetic Substitute from Omentum, Open Approach');
insert into authors (id, photo, slug, name, description) values (71, 'http://dummyimage.com/242x.png/cc0000/ffffff', 'felis', 'Hebert Poppleston', 'Excision of Acoustic Nerve, Percutaneous Approach, Diagnostic');
insert into authors (id, photo, slug, name, description) values (72, 'http://dummyimage.com/239x.png/5fa2dd/ffffff', 'non', 'Bertina Otto', 'Stereotactic Other Photon Radiosurgery of Gallbladder');
insert into authors (id, photo, slug, name, description) values (73, 'http://dummyimage.com/250x.png/cc0000/ffffff', 'in', 'Chelsea Windmill', 'Change Cast on Chest Wall');
insert into authors (id, photo, slug, name, description) values (74, 'http://dummyimage.com/238x.png/ff4444/ffffff', 'augue', 'Estel Howat', 'Replacement of Pericardium with Autologous Tissue Substitute, Open Approach');
insert into authors (id, photo, slug, name, description) values (75, 'http://dummyimage.com/219x.png/cc0000/ffffff', 'natoque', 'Reinhold Verity', 'Low Dose Rate (LDR) Brachytherapy of Colon using Iridium 192 (Ir-192)');
insert into authors (id, photo, slug, name, description) values (76, 'http://dummyimage.com/225x.png/5fa2dd/ffffff', 'libero', 'Riva Jadczak', 'Drainage of Gastric Vein with Drainage Device, Percutaneous Endoscopic Approach');
insert into authors (id, photo, slug, name, description) values (77, 'http://dummyimage.com/207x.png/ff4444/ffffff', 'ligula', 'Gayelord Pickett', 'Supplement Left Upper Eyelid with Autologous Tissue Substitute, Open Approach');
insert into authors (id, photo, slug, name, description) values (78, 'http://dummyimage.com/202x.png/5fa2dd/ffffff', 'sem', 'Phyllys Kennsley', 'Excision of Right Internal Mammary Artery, Percutaneous Endoscopic Approach, Diagnostic');
insert into authors (id, photo, slug, name, description) values (79, 'http://dummyimage.com/224x.png/5fa2dd/ffffff', 'suspendisse', 'Nonnah Gehricke', 'Division of Coccyx, Percutaneous Endoscopic Approach');
insert into authors (id, photo, slug, name, description) values (80, 'http://dummyimage.com/235x.png/5fa2dd/ffffff', 'orci', 'Austen Vasin', 'Transfer Facial Nerve to Optic Nerve, Percutaneous Endoscopic Approach');
insert into authors (id, photo, slug, name, description) values (81, 'http://dummyimage.com/226x.png/ff4444/ffffff', 'semper', 'Lane Turnpenny', 'Revision of Autologous Tissue Substitute in Thoracic Vertebral Disc, External Approach');
insert into authors (id, photo, slug, name, description) values (82, 'http://dummyimage.com/217x.png/cc0000/ffffff', 'orci', 'Alli Harner', 'Removal of External Fixation Device from Right Humeral Shaft, Percutaneous Approach');
insert into authors (id, photo, slug, name, description) values (83, 'http://dummyimage.com/212x.png/cc0000/ffffff', 'sed', 'Carol Brimblecombe', 'Therapeutic Exercise Treatment of Neurological System - Upper Back / Upper Extremity using Mechanical Equipment');
insert into authors (id, photo, slug, name, description) values (84, 'http://dummyimage.com/210x.png/5fa2dd/ffffff', 'morbi', 'Nicola Delea', 'Transfer Olfactory Nerve to Abducens Nerve, Open Approach');
insert into authors (id, photo, slug, name, description) values (85, 'http://dummyimage.com/234x.png/cc0000/ffffff', 'neque', 'Benedict Suthren', 'Removal of Autologous Tissue Substitute from Chest Wall, Percutaneous Endoscopic Approach');
insert into authors (id, photo, slug, name, description) values (86, 'http://dummyimage.com/243x.png/dddddd/000000', 'orci', 'Nealy Britzius', 'Extirpation of Matter from Left Upper Eyelid, Percutaneous Approach');
insert into authors (id, photo, slug, name, description) values (87, 'http://dummyimage.com/231x.png/5fa2dd/ffffff', 'justo', 'Hal Trusty', 'Reposition Right Palatine Bone with Internal Fixation Device, Open Approach');
insert into authors (id, photo, slug, name, description) values (88, 'http://dummyimage.com/231x.png/ff4444/ffffff', 'imperdiet', 'Dulcine Verriour', 'Removal of Nonautologous Tissue Substitute from Right Finger Phalangeal Joint, Percutaneous Endoscopic Approach');
insert into authors (id, photo, slug, name, description) values (89, 'http://dummyimage.com/221x.png/ff4444/ffffff', 'eget', 'Emelita Vernall', 'Contact Radiation of Spinal Cord');
insert into authors (id, photo, slug, name, description) values (90, 'http://dummyimage.com/232x.png/ff4444/ffffff', 'orci', 'Karolina Cordoba', 'Introduction of Monoclonal Antibody into Mouth and Pharynx, External Approach');
insert into authors (id, photo, slug, name, description) values (91, 'http://dummyimage.com/224x.png/5fa2dd/ffffff', 'in', 'Linette Dunphy', 'Excision of Duodenum, Percutaneous Approach, Diagnostic');
insert into authors (id, photo, slug, name, description) values (92, 'http://dummyimage.com/236x.png/cc0000/ffffff', 'pulvinar', 'Hayward Stebbings', 'Insertion of Radioactive Element into Gastrointestinal Tract, Via Natural or Artificial Opening Endoscopic');
insert into authors (id, photo, slug, name, description) values (93, 'http://dummyimage.com/210x.png/ff4444/ffffff', 'in', 'Mufi Arr', 'Bypass Inferior Mesenteric Vein to Lower Vein with Nonautologous Tissue Substitute, Percutaneous Endoscopic Approach');
insert into authors (id, photo, slug, name, description) values (94, 'http://dummyimage.com/214x.png/5fa2dd/ffffff', 'in', 'Renae Havercroft', 'Beam Radiation of Cervix using Photons <1 MeV');
insert into authors (id, photo, slug, name, description) values (95, 'http://dummyimage.com/231x.png/cc0000/ffffff', 'tortor', 'Liana Radbourn', 'Destruction of Bilateral Breast, External Approach');
insert into authors (id, photo, slug, name, description) values (96, 'http://dummyimage.com/221x.png/dddddd/000000', 'adipiscing', 'Lawry Priestman', 'Destruction of Right Metacarpal, Percutaneous Approach');
insert into authors (id, photo, slug, name, description) values (97, 'http://dummyimage.com/238x.png/dddddd/000000', 'in', 'Rriocard Lardiner', 'Destruction of Left Shoulder Muscle, Percutaneous Approach');
insert into authors (id, photo, slug, name, description) values (98, 'http://dummyimage.com/248x.png/dddddd/000000', 'quam', 'Jaime Tipple', 'Dilation of Lower Esophagus with Intraluminal Device, Percutaneous Approach');
insert into authors (id, photo, slug, name, description) values (99, 'http://dummyimage.com/232x.png/5fa2dd/ffffff', 'luctus', 'Marchelle Hembrow', 'Replacement of Genitalia Skin with Autologous Tissue Substitute, Partial Thickness, External Approach');
insert into authors (id, photo, slug, name, description) values (100, 'http://dummyimage.com/221x.png/dddddd/000000', 'ridiculus', 'Max Dunstone', 'Bypass Right Common Iliac Artery to Left External Iliac Artery with Autologous Arterial Tissue, Open Approach');

insert into book2author (id, book_id, author_id, sort_index) values (1, 1, 53, 0);
insert into book2author (id, book_id, author_id, sort_index) values (2, 2, 97, 0);
insert into book2author (id, book_id, author_id, sort_index) values (3, 3, 7, 0);
insert into book2author (id, book_id, author_id, sort_index) values (4, 4, 93, 0);
insert into book2author (id, book_id, author_id, sort_index) values (5, 5, 52, 0);
insert into book2author (id, book_id, author_id, sort_index) values (6, 6, 97, 0);
insert into book2author (id, book_id, author_id, sort_index) values (7, 7, 49, 0);
insert into book2author (id, book_id, author_id, sort_index) values (8, 8, 44, 0);
insert into book2author (id, book_id, author_id, sort_index) values (9, 9, 72, 0);
insert into book2author (id, book_id, author_id, sort_index) values (10, 10, 81, 0);
insert into book2author (id, book_id, author_id, sort_index) values (11, 11, 25, 0);
insert into book2author (id, book_id, author_id, sort_index) values (12, 12, 81, 0);
insert into book2author (id, book_id, author_id, sort_index) values (13, 13, 14, 0);
insert into book2author (id, book_id, author_id, sort_index) values (14, 14, 45, 0);
insert into book2author (id, book_id, author_id, sort_index) values (15, 15, 90, 0);
insert into book2author (id, book_id, author_id, sort_index) values (16, 16, 26, 0);
insert into book2author (id, book_id, author_id, sort_index) values (17, 17, 77, 0);
insert into book2author (id, book_id, author_id, sort_index) values (18, 18, 73, 0);
insert into book2author (id, book_id, author_id, sort_index) values (19, 19, 67, 0);
insert into book2author (id, book_id, author_id, sort_index) values (20, 20, 66, 0);
insert into book2author (id, book_id, author_id, sort_index) values (21, 21, 60, 0);
insert into book2author (id, book_id, author_id, sort_index) values (22, 22, 24, 0);
insert into book2author (id, book_id, author_id, sort_index) values (23, 23, 19, 0);
insert into book2author (id, book_id, author_id, sort_index) values (24, 24, 71, 0);
insert into book2author (id, book_id, author_id, sort_index) values (25, 25, 82, 0);
insert into book2author (id, book_id, author_id, sort_index) values (26, 26, 94, 0);
insert into book2author (id, book_id, author_id, sort_index) values (27, 27, 38, 0);
insert into book2author (id, book_id, author_id, sort_index) values (28, 28, 31, 0);
insert into book2author (id, book_id, author_id, sort_index) values (29, 29, 73, 0);
insert into book2author (id, book_id, author_id, sort_index) values (30, 30, 59, 0);
insert into book2author (id, book_id, author_id, sort_index) values (31, 31, 96, 0);
insert into book2author (id, book_id, author_id, sort_index) values (32, 32, 3, 0);
insert into book2author (id, book_id, author_id, sort_index) values (33, 33, 50, 0);
insert into book2author (id, book_id, author_id, sort_index) values (34, 34, 7, 0);
insert into book2author (id, book_id, author_id, sort_index) values (35, 35, 8, 0);
insert into book2author (id, book_id, author_id, sort_index) values (36, 36, 41, 0);
insert into book2author (id, book_id, author_id, sort_index) values (37, 37, 100, 0);
insert into book2author (id, book_id, author_id, sort_index) values (38, 38, 90, 0);
insert into book2author (id, book_id, author_id, sort_index) values (39, 39, 80, 0);
insert into book2author (id, book_id, author_id, sort_index) values (40, 40, 19, 0);
insert into book2author (id, book_id, author_id, sort_index) values (41, 41, 17, 0);
insert into book2author (id, book_id, author_id, sort_index) values (42, 42, 89, 0);
insert into book2author (id, book_id, author_id, sort_index) values (43, 43, 57, 0);
insert into book2author (id, book_id, author_id, sort_index) values (44, 44, 8, 0);
insert into book2author (id, book_id, author_id, sort_index) values (45, 45, 52, 0);
insert into book2author (id, book_id, author_id, sort_index) values (46, 46, 66, 0);
insert into book2author (id, book_id, author_id, sort_index) values (47, 47, 47, 0);
insert into book2author (id, book_id, author_id, sort_index) values (48, 48, 67, 0);
insert into book2author (id, book_id, author_id, sort_index) values (49, 49, 68, 0);
insert into book2author (id, book_id, author_id, sort_index) values (50, 50, 73, 0);
insert into book2author (id, book_id, author_id, sort_index) values (51, 51, 58, 0);
insert into book2author (id, book_id, author_id, sort_index) values (52, 52, 35, 0);
insert into book2author (id, book_id, author_id, sort_index) values (53, 53, 44, 0);
insert into book2author (id, book_id, author_id, sort_index) values (54, 54, 6, 0);
insert into book2author (id, book_id, author_id, sort_index) values (55, 55, 80, 0);
insert into book2author (id, book_id, author_id, sort_index) values (56, 56, 77, 0);
insert into book2author (id, book_id, author_id, sort_index) values (57, 57, 49, 0);
insert into book2author (id, book_id, author_id, sort_index) values (58, 58, 51, 0);
insert into book2author (id, book_id, author_id, sort_index) values (59, 59, 17, 0);
insert into book2author (id, book_id, author_id, sort_index) values (60, 60, 6, 0);
insert into book2author (id, book_id, author_id, sort_index) values (61, 61, 9, 0);
insert into book2author (id, book_id, author_id, sort_index) values (62, 62, 36, 0);
insert into book2author (id, book_id, author_id, sort_index) values (63, 63, 34, 0);
insert into book2author (id, book_id, author_id, sort_index) values (64, 64, 77, 0);
insert into book2author (id, book_id, author_id, sort_index) values (65, 65, 34, 0);
insert into book2author (id, book_id, author_id, sort_index) values (66, 66, 39, 0);
insert into book2author (id, book_id, author_id, sort_index) values (67, 67, 82, 0);
insert into book2author (id, book_id, author_id, sort_index) values (68, 68, 30, 0);
insert into book2author (id, book_id, author_id, sort_index) values (69, 69, 56, 0);
insert into book2author (id, book_id, author_id, sort_index) values (70, 70, 89, 0);
insert into book2author (id, book_id, author_id, sort_index) values (71, 71, 12, 0);
insert into book2author (id, book_id, author_id, sort_index) values (72, 72, 79, 0);
insert into book2author (id, book_id, author_id, sort_index) values (73, 73, 2, 0);
insert into book2author (id, book_id, author_id, sort_index) values (74, 74, 33, 0);
insert into book2author (id, book_id, author_id, sort_index) values (75, 75, 11, 0);
insert into book2author (id, book_id, author_id, sort_index) values (76, 76, 83, 0);
insert into book2author (id, book_id, author_id, sort_index) values (77, 77, 38, 0);
insert into book2author (id, book_id, author_id, sort_index) values (78, 78, 95, 0);
insert into book2author (id, book_id, author_id, sort_index) values (79, 79, 17, 0);
insert into book2author (id, book_id, author_id, sort_index) values (80, 80, 10, 0);
insert into book2author (id, book_id, author_id, sort_index) values (81, 81, 33, 0);
insert into book2author (id, book_id, author_id, sort_index) values (82, 82, 26, 0);
insert into book2author (id, book_id, author_id, sort_index) values (83, 83, 27, 0);
insert into book2author (id, book_id, author_id, sort_index) values (84, 84, 2, 0);
insert into book2author (id, book_id, author_id, sort_index) values (85, 85, 75, 0);
insert into book2author (id, book_id, author_id, sort_index) values (86, 86, 53, 0);
insert into book2author (id, book_id, author_id, sort_index) values (87, 87, 22, 0);
insert into book2author (id, book_id, author_id, sort_index) values (88, 88, 87, 0);
insert into book2author (id, book_id, author_id, sort_index) values (89, 89, 19, 0);
insert into book2author (id, book_id, author_id, sort_index) values (90, 90, 13, 0);
insert into book2author (id, book_id, author_id, sort_index) values (91, 91, 3, 0);
insert into book2author (id, book_id, author_id, sort_index) values (92, 92, 85, 0);
insert into book2author (id, book_id, author_id, sort_index) values (93, 93, 90, 0);
insert into book2author (id, book_id, author_id, sort_index) values (94, 94, 5, 0);
insert into book2author (id, book_id, author_id, sort_index) values (95, 95, 73, 0);
insert into book2author (id, book_id, author_id, sort_index) values (96, 96, 89, 0);
insert into book2author (id, book_id, author_id, sort_index) values (97, 97, 33, 0);
insert into book2author (id, book_id, author_id, sort_index) values (98, 98, 92, 0);
insert into book2author (id, book_id, author_id, sort_index) values (99, 99, 17, 0);
insert into book2author (id, book_id, author_id, sort_index) values (100, 100, 58, 0);
insert into book2author (id, book_id, author_id, sort_index) values (101, 101, 32, 0);
insert into book2author (id, book_id, author_id, sort_index) values (102, 102, 11, 0);
insert into book2author (id, book_id, author_id, sort_index) values (103, 103, 65, 0);
insert into book2author (id, book_id, author_id, sort_index) values (104, 104, 77, 0);
insert into book2author (id, book_id, author_id, sort_index) values (105, 105, 31, 0);
insert into book2author (id, book_id, author_id, sort_index) values (106, 106, 69, 0);
insert into book2author (id, book_id, author_id, sort_index) values (107, 107, 9, 0);
insert into book2author (id, book_id, author_id, sort_index) values (108, 108, 25, 0);
insert into book2author (id, book_id, author_id, sort_index) values (109, 109, 56, 0);
insert into book2author (id, book_id, author_id, sort_index) values (110, 110, 31, 0);
insert into book2author (id, book_id, author_id, sort_index) values (111, 111, 51, 0);
insert into book2author (id, book_id, author_id, sort_index) values (112, 112, 7, 0);
insert into book2author (id, book_id, author_id, sort_index) values (113, 113, 72, 0);
insert into book2author (id, book_id, author_id, sort_index) values (114, 114, 77, 0);
insert into book2author (id, book_id, author_id, sort_index) values (115, 115, 90, 0);
insert into book2author (id, book_id, author_id, sort_index) values (116, 116, 42, 0);
insert into book2author (id, book_id, author_id, sort_index) values (117, 117, 21, 0);
insert into book2author (id, book_id, author_id, sort_index) values (118, 118, 92, 0);
insert into book2author (id, book_id, author_id, sort_index) values (119, 119, 78, 0);
insert into book2author (id, book_id, author_id, sort_index) values (120, 120, 76, 0);
insert into book2author (id, book_id, author_id, sort_index) values (121, 121, 58, 0);
insert into book2author (id, book_id, author_id, sort_index) values (122, 122, 93, 0);
insert into book2author (id, book_id, author_id, sort_index) values (123, 123, 40, 0);
insert into book2author (id, book_id, author_id, sort_index) values (124, 124, 33, 0);
insert into book2author (id, book_id, author_id, sort_index) values (125, 125, 46, 0);
insert into book2author (id, book_id, author_id, sort_index) values (126, 126, 17, 0);
insert into book2author (id, book_id, author_id, sort_index) values (127, 127, 76, 0);
insert into book2author (id, book_id, author_id, sort_index) values (128, 128, 56, 0);
insert into book2author (id, book_id, author_id, sort_index) values (129, 129, 74, 0);
insert into book2author (id, book_id, author_id, sort_index) values (130, 130, 98, 0);
insert into book2author (id, book_id, author_id, sort_index) values (131, 131, 6, 0);
insert into book2author (id, book_id, author_id, sort_index) values (132, 132, 61, 0);
insert into book2author (id, book_id, author_id, sort_index) values (133, 133, 66, 0);
insert into book2author (id, book_id, author_id, sort_index) values (134, 134, 35, 0);
insert into book2author (id, book_id, author_id, sort_index) values (135, 135, 27, 0);
insert into book2author (id, book_id, author_id, sort_index) values (136, 136, 23, 0);
insert into book2author (id, book_id, author_id, sort_index) values (137, 137, 86, 0);
insert into book2author (id, book_id, author_id, sort_index) values (138, 138, 77, 0);
insert into book2author (id, book_id, author_id, sort_index) values (139, 139, 28, 0);
insert into book2author (id, book_id, author_id, sort_index) values (140, 140, 84, 0);
insert into book2author (id, book_id, author_id, sort_index) values (141, 141, 82, 0);
insert into book2author (id, book_id, author_id, sort_index) values (142, 142, 62, 0);
insert into book2author (id, book_id, author_id, sort_index) values (143, 143, 85, 0);
insert into book2author (id, book_id, author_id, sort_index) values (144, 144, 33, 0);
insert into book2author (id, book_id, author_id, sort_index) values (145, 145, 78, 0);
insert into book2author (id, book_id, author_id, sort_index) values (146, 146, 39, 0);
insert into book2author (id, book_id, author_id, sort_index) values (147, 147, 61, 0);
insert into book2author (id, book_id, author_id, sort_index) values (148, 148, 52, 0);
insert into book2author (id, book_id, author_id, sort_index) values (149, 149, 43, 0);
insert into book2author (id, book_id, author_id, sort_index) values (150, 150, 90, 0);
insert into book2author (id, book_id, author_id, sort_index) values (151, 151, 47, 0);
insert into book2author (id, book_id, author_id, sort_index) values (152, 152, 63, 0);
insert into book2author (id, book_id, author_id, sort_index) values (153, 153, 73, 0);
insert into book2author (id, book_id, author_id, sort_index) values (154, 154, 74, 0);
insert into book2author (id, book_id, author_id, sort_index) values (155, 155, 6, 0);
insert into book2author (id, book_id, author_id, sort_index) values (156, 156, 52, 0);
insert into book2author (id, book_id, author_id, sort_index) values (157, 157, 48, 0);
insert into book2author (id, book_id, author_id, sort_index) values (158, 158, 92, 0);
insert into book2author (id, book_id, author_id, sort_index) values (159, 159, 77, 0);
insert into book2author (id, book_id, author_id, sort_index) values (160, 160, 15, 0);
insert into book2author (id, book_id, author_id, sort_index) values (161, 161, 57, 0);
insert into book2author (id, book_id, author_id, sort_index) values (162, 162, 54, 0);
insert into book2author (id, book_id, author_id, sort_index) values (163, 163, 96, 0);
insert into book2author (id, book_id, author_id, sort_index) values (164, 164, 66, 0);
insert into book2author (id, book_id, author_id, sort_index) values (165, 165, 14, 0);
insert into book2author (id, book_id, author_id, sort_index) values (166, 166, 84, 0);
insert into book2author (id, book_id, author_id, sort_index) values (167, 167, 22, 0);
insert into book2author (id, book_id, author_id, sort_index) values (168, 168, 21, 0);
insert into book2author (id, book_id, author_id, sort_index) values (169, 169, 77, 0);
insert into book2author (id, book_id, author_id, sort_index) values (170, 170, 45, 0);
insert into book2author (id, book_id, author_id, sort_index) values (171, 171, 36, 0);
insert into book2author (id, book_id, author_id, sort_index) values (172, 172, 65, 0);
insert into book2author (id, book_id, author_id, sort_index) values (173, 173, 46, 0);
insert into book2author (id, book_id, author_id, sort_index) values (174, 174, 96, 0);
insert into book2author (id, book_id, author_id, sort_index) values (175, 175, 40, 0);
insert into book2author (id, book_id, author_id, sort_index) values (176, 176, 94, 0);
insert into book2author (id, book_id, author_id, sort_index) values (177, 177, 24, 0);
insert into book2author (id, book_id, author_id, sort_index) values (178, 178, 10, 0);
insert into book2author (id, book_id, author_id, sort_index) values (179, 179, 83, 0);
insert into book2author (id, book_id, author_id, sort_index) values (180, 180, 13, 0);
insert into book2author (id, book_id, author_id, sort_index) values (181, 181, 4, 0);
insert into book2author (id, book_id, author_id, sort_index) values (182, 182, 25, 0);
insert into book2author (id, book_id, author_id, sort_index) values (183, 183, 97, 0);
insert into book2author (id, book_id, author_id, sort_index) values (184, 184, 83, 0);
insert into book2author (id, book_id, author_id, sort_index) values (185, 185, 33, 0);
insert into book2author (id, book_id, author_id, sort_index) values (186, 186, 84, 0);
insert into book2author (id, book_id, author_id, sort_index) values (187, 187, 6, 0);
insert into book2author (id, book_id, author_id, sort_index) values (188, 188, 81, 0);
insert into book2author (id, book_id, author_id, sort_index) values (189, 189, 83, 0);
insert into book2author (id, book_id, author_id, sort_index) values (190, 190, 6, 0);
insert into book2author (id, book_id, author_id, sort_index) values (191, 191, 46, 0);
insert into book2author (id, book_id, author_id, sort_index) values (192, 192, 71, 0);
insert into book2author (id, book_id, author_id, sort_index) values (193, 193, 96, 0);
insert into book2author (id, book_id, author_id, sort_index) values (194, 194, 85, 0);
insert into book2author (id, book_id, author_id, sort_index) values (195, 195, 46, 0);
insert into book2author (id, book_id, author_id, sort_index) values (196, 196, 31, 0);
insert into book2author (id, book_id, author_id, sort_index) values (197, 197, 61, 0);
insert into book2author (id, book_id, author_id, sort_index) values (198, 198, 19, 0);
insert into book2author (id, book_id, author_id, sort_index) values (199, 199, 99, 0);
insert into book2author (id, book_id, author_id, sort_index) values (200, 200, 72, 0);

insert into book2author (id, book_id, author_id, sort_index) values (201, 1, 62, 1);
insert into book2author (id, book_id, author_id, sort_index) values (202, 2, 89, 1);
insert into book2author (id, book_id, author_id, sort_index) values (203, 3, 70, 1);
insert into book2author (id, book_id, author_id, sort_index) values (204, 4, 91, 1);
insert into book2author (id, book_id, author_id, sort_index) values (205, 5, 22, 1);
insert into book2author (id, book_id, author_id, sort_index) values (206, 6, 53, 1);
insert into book2author (id, book_id, author_id, sort_index) values (207, 7, 11, 1);
insert into book2author (id, book_id, author_id, sort_index) values (208, 8, 68, 1);
insert into book2author (id, book_id, author_id, sort_index) values (209, 9, 68, 1);
insert into book2author (id, book_id, author_id, sort_index) values (210, 10, 97, 1);
insert into book2author (id, book_id, author_id, sort_index) values (211, 11, 38, 1);
insert into book2author (id, book_id, author_id, sort_index) values (212, 12, 93, 1);
insert into book2author (id, book_id, author_id, sort_index) values (213, 13, 6, 1);
insert into book2author (id, book_id, author_id, sort_index) values (214, 14, 43, 1);
insert into book2author (id, book_id, author_id, sort_index) values (215, 15, 47, 1);
insert into book2author (id, book_id, author_id, sort_index) values (216, 16, 59, 1);
insert into book2author (id, book_id, author_id, sort_index) values (217, 17, 93, 1);
insert into book2author (id, book_id, author_id, sort_index) values (218, 18, 38, 1);
insert into book2author (id, book_id, author_id, sort_index) values (219, 19, 6, 1);
insert into book2author (id, book_id, author_id, sort_index) values (220, 20, 3, 1);
insert into book2author (id, book_id, author_id, sort_index) values (221, 21, 28, 1);
insert into book2author (id, book_id, author_id, sort_index) values (222, 22, 89, 1);
insert into book2author (id, book_id, author_id, sort_index) values (223, 23, 30, 1);
insert into book2author (id, book_id, author_id, sort_index) values (224, 24, 41, 1);
insert into book2author (id, book_id, author_id, sort_index) values (225, 25, 17, 1);
insert into book2author (id, book_id, author_id, sort_index) values (226, 26, 75, 1);
insert into book2author (id, book_id, author_id, sort_index) values (227, 27, 22, 1);
insert into book2author (id, book_id, author_id, sort_index) values (228, 28, 85, 1);
insert into book2author (id, book_id, author_id, sort_index) values (229, 29, 95, 1);
insert into book2author (id, book_id, author_id, sort_index) values (230, 30, 77, 1);
insert into book2author (id, book_id, author_id, sort_index) values (231, 31, 76, 1);
insert into book2author (id, book_id, author_id, sort_index) values (232, 32, 64, 1);
insert into book2author (id, book_id, author_id, sort_index) values (233, 33, 20, 1);
insert into book2author (id, book_id, author_id, sort_index) values (234, 34, 31, 1);
insert into book2author (id, book_id, author_id, sort_index) values (235, 35, 30, 1);
insert into book2author (id, book_id, author_id, sort_index) values (236, 36, 60, 1);
insert into book2author (id, book_id, author_id, sort_index) values (237, 37, 33, 1);
insert into book2author (id, book_id, author_id, sort_index) values (238, 38, 68, 1);
insert into book2author (id, book_id, author_id, sort_index) values (239, 39, 43, 1);
insert into book2author (id, book_id, author_id, sort_index) values (240, 40, 1, 1);
insert into book2author (id, book_id, author_id, sort_index) values (241, 41, 18, 1);
insert into book2author (id, book_id, author_id, sort_index) values (242, 42, 14, 1);
insert into book2author (id, book_id, author_id, sort_index) values (243, 43, 46, 1);
insert into book2author (id, book_id, author_id, sort_index) values (244, 44, 98, 1);
insert into book2author (id, book_id, author_id, sort_index) values (245, 45, 19, 1);
insert into book2author (id, book_id, author_id, sort_index) values (246, 46, 57, 1);
insert into book2author (id, book_id, author_id, sort_index) values (247, 47, 53, 1);
insert into book2author (id, book_id, author_id, sort_index) values (248, 48, 23, 1);
insert into book2author (id, book_id, author_id, sort_index) values (249, 49, 71, 1);
insert into book2author (id, book_id, author_id, sort_index) values (250, 50, 81, 1);
insert into book2author (id, book_id, author_id, sort_index) values (251, 51, 47, 1);
insert into book2author (id, book_id, author_id, sort_index) values (252, 52, 67, 1);
insert into book2author (id, book_id, author_id, sort_index) values (253, 53, 42, 1);
insert into book2author (id, book_id, author_id, sort_index) values (254, 54, 42, 1);
insert into book2author (id, book_id, author_id, sort_index) values (255, 55, 43, 1);
insert into book2author (id, book_id, author_id, sort_index) values (256, 56, 25, 1);
insert into book2author (id, book_id, author_id, sort_index) values (257, 57, 2, 1);
insert into book2author (id, book_id, author_id, sort_index) values (258, 58, 18, 1);
insert into book2author (id, book_id, author_id, sort_index) values (259, 59, 36, 1);
insert into book2author (id, book_id, author_id, sort_index) values (260, 60, 44, 1);
insert into book2author (id, book_id, author_id, sort_index) values (261, 61, 77, 1);
insert into book2author (id, book_id, author_id, sort_index) values (262, 62, 85, 1);
insert into book2author (id, book_id, author_id, sort_index) values (263, 63, 70, 1);
insert into book2author (id, book_id, author_id, sort_index) values (264, 64, 73, 1);
insert into book2author (id, book_id, author_id, sort_index) values (265, 65, 1, 1);
insert into book2author (id, book_id, author_id, sort_index) values (266, 66, 82, 1);
insert into book2author (id, book_id, author_id, sort_index) values (267, 67, 44, 1);
insert into book2author (id, book_id, author_id, sort_index) values (268, 68, 92, 1);
insert into book2author (id, book_id, author_id, sort_index) values (269, 69, 89, 1);
insert into book2author (id, book_id, author_id, sort_index) values (270, 70, 10, 1);
insert into book2author (id, book_id, author_id, sort_index) values (271, 71, 8, 1);
insert into book2author (id, book_id, author_id, sort_index) values (272, 72, 7, 1);
insert into book2author (id, book_id, author_id, sort_index) values (273, 73, 82, 1);
insert into book2author (id, book_id, author_id, sort_index) values (274, 74, 36, 1);
insert into book2author (id, book_id, author_id, sort_index) values (275, 75, 12, 1);
insert into book2author (id, book_id, author_id, sort_index) values (276, 76, 44, 1);
insert into book2author (id, book_id, author_id, sort_index) values (277, 77, 26, 1);
insert into book2author (id, book_id, author_id, sort_index) values (278, 78, 34, 1);
insert into book2author (id, book_id, author_id, sort_index) values (279, 79, 88, 1);
insert into book2author (id, book_id, author_id, sort_index) values (280, 80, 80, 1);
insert into book2author (id, book_id, author_id, sort_index) values (281, 81, 72, 1);
insert into book2author (id, book_id, author_id, sort_index) values (282, 82, 65, 1);
insert into book2author (id, book_id, author_id, sort_index) values (283, 83, 96, 1);
insert into book2author (id, book_id, author_id, sort_index) values (284, 84, 26, 1);
insert into book2author (id, book_id, author_id, sort_index) values (285, 85, 71, 1);
insert into book2author (id, book_id, author_id, sort_index) values (286, 86, 42, 1);
insert into book2author (id, book_id, author_id, sort_index) values (287, 87, 36, 1);
insert into book2author (id, book_id, author_id, sort_index) values (288, 88, 72, 1);
insert into book2author (id, book_id, author_id, sort_index) values (289, 89, 75, 1);
insert into book2author (id, book_id, author_id, sort_index) values (290, 90, 13, 1);
insert into book2author (id, book_id, author_id, sort_index) values (291, 91, 98, 1);
insert into book2author (id, book_id, author_id, sort_index) values (292, 92, 42, 1);
insert into book2author (id, book_id, author_id, sort_index) values (293, 93, 31, 1);
insert into book2author (id, book_id, author_id, sort_index) values (294, 94, 17, 1);
insert into book2author (id, book_id, author_id, sort_index) values (295, 95, 21, 1);
insert into book2author (id, book_id, author_id, sort_index) values (296, 96, 89, 1);
insert into book2author (id, book_id, author_id, sort_index) values (297, 97, 43, 1);
insert into book2author (id, book_id, author_id, sort_index) values (298, 98, 82, 1);
insert into book2author (id, book_id, author_id, sort_index) values (299, 99, 5, 1);
insert into book2author (id, book_id, author_id, sort_index) values (300, 100, 36, 1);
insert into book2author (id, book_id, author_id, sort_index) values (301, 101, 22, 1);
insert into book2author (id, book_id, author_id, sort_index) values (302, 102, 98, 1);
insert into book2author (id, book_id, author_id, sort_index) values (303, 103, 93, 1);
insert into book2author (id, book_id, author_id, sort_index) values (304, 104, 58, 1);
insert into book2author (id, book_id, author_id, sort_index) values (305, 105, 47, 1);
insert into book2author (id, book_id, author_id, sort_index) values (306, 106, 42, 1);
insert into book2author (id, book_id, author_id, sort_index) values (307, 107, 81, 1);
insert into book2author (id, book_id, author_id, sort_index) values (308, 108, 70, 1);
insert into book2author (id, book_id, author_id, sort_index) values (309, 109, 28, 1);
insert into book2author (id, book_id, author_id, sort_index) values (310, 110, 16, 1);
insert into book2author (id, book_id, author_id, sort_index) values (311, 111, 52, 1);
insert into book2author (id, book_id, author_id, sort_index) values (312, 112, 99, 1);
insert into book2author (id, book_id, author_id, sort_index) values (313, 113, 33, 1);
insert into book2author (id, book_id, author_id, sort_index) values (314, 114, 99, 1);
insert into book2author (id, book_id, author_id, sort_index) values (315, 115, 37, 1);
insert into book2author (id, book_id, author_id, sort_index) values (316, 116, 11, 1);
insert into book2author (id, book_id, author_id, sort_index) values (317, 117, 99, 1);
insert into book2author (id, book_id, author_id, sort_index) values (318, 118, 95, 1);
insert into book2author (id, book_id, author_id, sort_index) values (319, 119, 18, 1);
insert into book2author (id, book_id, author_id, sort_index) values (320, 120, 3, 1);
insert into book2author (id, book_id, author_id, sort_index) values (321, 121, 23, 1);
insert into book2author (id, book_id, author_id, sort_index) values (322, 122, 2, 1);
insert into book2author (id, book_id, author_id, sort_index) values (323, 123, 62, 1);
insert into book2author (id, book_id, author_id, sort_index) values (324, 124, 11, 1);
insert into book2author (id, book_id, author_id, sort_index) values (325, 125, 39, 1);
insert into book2author (id, book_id, author_id, sort_index) values (326, 126, 91, 1);
insert into book2author (id, book_id, author_id, sort_index) values (327, 127, 85, 1);
insert into book2author (id, book_id, author_id, sort_index) values (328, 128, 64, 1);
insert into book2author (id, book_id, author_id, sort_index) values (329, 129, 28, 1);
insert into book2author (id, book_id, author_id, sort_index) values (330, 130, 21, 1);
insert into book2author (id, book_id, author_id, sort_index) values (331, 131, 65, 1);
insert into book2author (id, book_id, author_id, sort_index) values (332, 132, 71, 1);
insert into book2author (id, book_id, author_id, sort_index) values (333, 133, 57, 1);
insert into book2author (id, book_id, author_id, sort_index) values (334, 134, 52, 1);
insert into book2author (id, book_id, author_id, sort_index) values (335, 135, 34, 1);
insert into book2author (id, book_id, author_id, sort_index) values (336, 136, 36, 1);
insert into book2author (id, book_id, author_id, sort_index) values (337, 137, 88, 1);
insert into book2author (id, book_id, author_id, sort_index) values (338, 138, 64, 1);
insert into book2author (id, book_id, author_id, sort_index) values (339, 139, 13, 1);
insert into book2author (id, book_id, author_id, sort_index) values (340, 140, 76, 1);
insert into book2author (id, book_id, author_id, sort_index) values (341, 141, 25, 1);
insert into book2author (id, book_id, author_id, sort_index) values (342, 142, 80, 1);
insert into book2author (id, book_id, author_id, sort_index) values (343, 143, 49, 1);
insert into book2author (id, book_id, author_id, sort_index) values (344, 144, 47, 1);
insert into book2author (id, book_id, author_id, sort_index) values (345, 145, 1, 1);
insert into book2author (id, book_id, author_id, sort_index) values (346, 146, 97, 1);
insert into book2author (id, book_id, author_id, sort_index) values (347, 147, 8, 1);
insert into book2author (id, book_id, author_id, sort_index) values (348, 148, 97, 1);
insert into book2author (id, book_id, author_id, sort_index) values (349, 149, 71, 1);
insert into book2author (id, book_id, author_id, sort_index) values (350, 150, 20, 1);

insert into book2author (id, book_id, author_id, sort_index) values (351, 51, 80, 2);
insert into book2author (id, book_id, author_id, sort_index) values (352, 52, 55, 2);
insert into book2author (id, book_id, author_id, sort_index) values (353, 53, 4, 2);
insert into book2author (id, book_id, author_id, sort_index) values (354, 54, 11, 2);
insert into book2author (id, book_id, author_id, sort_index) values (355, 55, 49, 2);
insert into book2author (id, book_id, author_id, sort_index) values (356, 56, 10, 2);
insert into book2author (id, book_id, author_id, sort_index) values (357, 57, 99, 2);
insert into book2author (id, book_id, author_id, sort_index) values (358, 58, 17, 2);
insert into book2author (id, book_id, author_id, sort_index) values (359, 59, 36, 2);
insert into book2author (id, book_id, author_id, sort_index) values (360, 60, 96, 2);
insert into book2author (id, book_id, author_id, sort_index) values (361, 61, 19, 2);
insert into book2author (id, book_id, author_id, sort_index) values (362, 62, 83, 2);
insert into book2author (id, book_id, author_id, sort_index) values (363, 63, 71, 2);
insert into book2author (id, book_id, author_id, sort_index) values (364, 64, 33, 2);
insert into book2author (id, book_id, author_id, sort_index) values (365, 65, 17, 2);
insert into book2author (id, book_id, author_id, sort_index) values (366, 66, 98, 2);
insert into book2author (id, book_id, author_id, sort_index) values (367, 67, 60, 2);
insert into book2author (id, book_id, author_id, sort_index) values (368, 68, 59, 2);
insert into book2author (id, book_id, author_id, sort_index) values (369, 69, 59, 2);
insert into book2author (id, book_id, author_id, sort_index) values (370, 70, 67, 2);
insert into book2author (id, book_id, author_id, sort_index) values (371, 71, 49, 2);
insert into book2author (id, book_id, author_id, sort_index) values (372, 72, 53, 2);
insert into book2author (id, book_id, author_id, sort_index) values (373, 73, 99, 2);
insert into book2author (id, book_id, author_id, sort_index) values (374, 74, 11, 2);
insert into book2author (id, book_id, author_id, sort_index) values (375, 75, 81, 2);
insert into book2author (id, book_id, author_id, sort_index) values (376, 76, 35, 2);
insert into book2author (id, book_id, author_id, sort_index) values (377, 77, 25, 2);
insert into book2author (id, book_id, author_id, sort_index) values (378, 78, 72, 2);
insert into book2author (id, book_id, author_id, sort_index) values (379, 79, 76, 2);
insert into book2author (id, book_id, author_id, sort_index) values (380, 80, 40, 2);
insert into book2author (id, book_id, author_id, sort_index) values (381, 81, 58, 2);
insert into book2author (id, book_id, author_id, sort_index) values (382, 82, 82, 2);
insert into book2author (id, book_id, author_id, sort_index) values (383, 83, 53, 2);
insert into book2author (id, book_id, author_id, sort_index) values (384, 84, 63, 2);
insert into book2author (id, book_id, author_id, sort_index) values (385, 85, 4, 2);
insert into book2author (id, book_id, author_id, sort_index) values (386, 86, 73, 2);
insert into book2author (id, book_id, author_id, sort_index) values (387, 87, 36, 2);
insert into book2author (id, book_id, author_id, sort_index) values (388, 88, 71, 2);
insert into book2author (id, book_id, author_id, sort_index) values (389, 89, 20, 2);
insert into book2author (id, book_id, author_id, sort_index) values (390, 90, 47, 2);
insert into book2author (id, book_id, author_id, sort_index) values (391, 91, 2, 2);
insert into book2author (id, book_id, author_id, sort_index) values (392, 92, 54, 2);
insert into book2author (id, book_id, author_id, sort_index) values (393, 93, 39, 2);
insert into book2author (id, book_id, author_id, sort_index) values (394, 94, 50, 2);
insert into book2author (id, book_id, author_id, sort_index) values (395, 95, 45, 2);
insert into book2author (id, book_id, author_id, sort_index) values (396, 96, 31, 2);
insert into book2author (id, book_id, author_id, sort_index) values (397, 97, 41, 2);
insert into book2author (id, book_id, author_id, sort_index) values (398, 98, 13, 2);
insert into book2author (id, book_id, author_id, sort_index) values (399, 99, 25, 2);
insert into book2author (id, book_id, author_id, sort_index) values (400, 100, 35, 2);
insert into book2author (id, book_id, author_id, sort_index) values (401, 101, 89, 2);
insert into book2author (id, book_id, author_id, sort_index) values (402, 102, 39, 2);
insert into book2author (id, book_id, author_id, sort_index) values (403, 103, 80, 2);
insert into book2author (id, book_id, author_id, sort_index) values (404, 104, 12, 2);
insert into book2author (id, book_id, author_id, sort_index) values (405, 105, 22, 2);
insert into book2author (id, book_id, author_id, sort_index) values (406, 106, 22, 2);
insert into book2author (id, book_id, author_id, sort_index) values (407, 107, 56, 2);
insert into book2author (id, book_id, author_id, sort_index) values (408, 108, 90, 2);
insert into book2author (id, book_id, author_id, sort_index) values (409, 109, 62, 2);
insert into book2author (id, book_id, author_id, sort_index) values (410, 110, 3, 2);
insert into book2author (id, book_id, author_id, sort_index) values (411, 111, 73, 2);
insert into book2author (id, book_id, author_id, sort_index) values (412, 112, 21, 2);
insert into book2author (id, book_id, author_id, sort_index) values (413, 113, 82, 2);
insert into book2author (id, book_id, author_id, sort_index) values (414, 114, 83, 2);
insert into book2author (id, book_id, author_id, sort_index) values (415, 115, 66, 2);
insert into book2author (id, book_id, author_id, sort_index) values (416, 116, 84, 2);
insert into book2author (id, book_id, author_id, sort_index) values (417, 117, 24, 2);
insert into book2author (id, book_id, author_id, sort_index) values (418, 118, 43, 2);
insert into book2author (id, book_id, author_id, sort_index) values (419, 119, 75, 2);
insert into book2author (id, book_id, author_id, sort_index) values (420, 120, 23, 2);
insert into book2author (id, book_id, author_id, sort_index) values (421, 121, 94, 2);
insert into book2author (id, book_id, author_id, sort_index) values (422, 122, 92, 2);
insert into book2author (id, book_id, author_id, sort_index) values (423, 123, 65, 2);
insert into book2author (id, book_id, author_id, sort_index) values (424, 124, 68, 2);
insert into book2author (id, book_id, author_id, sort_index) values (425, 125, 39, 2);
insert into book2author (id, book_id, author_id, sort_index) values (426, 126, 6, 2);
insert into book2author (id, book_id, author_id, sort_index) values (427, 127, 9, 2);
insert into book2author (id, book_id, author_id, sort_index) values (428, 128, 83, 2);
insert into book2author (id, book_id, author_id, sort_index) values (429, 129, 53, 2);
insert into book2author (id, book_id, author_id, sort_index) values (430, 130, 52, 2);
insert into book2author (id, book_id, author_id, sort_index) values (431, 131, 33, 2);
insert into book2author (id, book_id, author_id, sort_index) values (432, 132, 89, 2);
insert into book2author (id, book_id, author_id, sort_index) values (433, 133, 66, 2);
insert into book2author (id, book_id, author_id, sort_index) values (434, 134, 57, 2);
insert into book2author (id, book_id, author_id, sort_index) values (435, 135, 6, 2);
insert into book2author (id, book_id, author_id, sort_index) values (436, 136, 40, 2);
insert into book2author (id, book_id, author_id, sort_index) values (437, 137, 67, 2);
insert into book2author (id, book_id, author_id, sort_index) values (438, 138, 23, 2);
insert into book2author (id, book_id, author_id, sort_index) values (439, 139, 21, 2);
insert into book2author (id, book_id, author_id, sort_index) values (440, 140, 52, 2);
insert into book2author (id, book_id, author_id, sort_index) values (441, 141, 67, 2);
insert into book2author (id, book_id, author_id, sort_index) values (442, 142, 47, 2);
insert into book2author (id, book_id, author_id, sort_index) values (443, 143, 45, 2);
insert into book2author (id, book_id, author_id, sort_index) values (444, 144, 16, 2);
insert into book2author (id, book_id, author_id, sort_index) values (445, 145, 63, 2);
insert into book2author (id, book_id, author_id, sort_index) values (446, 146, 72, 2);
insert into book2author (id, book_id, author_id, sort_index) values (447, 147, 87, 2);
insert into book2author (id, book_id, author_id, sort_index) values (448, 148, 50, 2);
insert into book2author (id, book_id, author_id, sort_index) values (449, 149, 10, 2);
insert into book2author (id, book_id, author_id, sort_index) values (450, 150, 84, 2);
insert into book2author (id, book_id, author_id, sort_index) values (451, 151, 41, 2);
insert into book2author (id, book_id, author_id, sort_index) values (452, 152, 8, 2);
insert into book2author (id, book_id, author_id, sort_index) values (453, 153, 78, 2);
insert into book2author (id, book_id, author_id, sort_index) values (454, 154, 1, 2);
insert into book2author (id, book_id, author_id, sort_index) values (455, 155, 24, 2);
insert into book2author (id, book_id, author_id, sort_index) values (456, 156, 61, 2);
insert into book2author (id, book_id, author_id, sort_index) values (457, 157, 24, 2);
insert into book2author (id, book_id, author_id, sort_index) values (458, 158, 81, 2);
insert into book2author (id, book_id, author_id, sort_index) values (459, 159, 68, 2);
insert into book2author (id, book_id, author_id, sort_index) values (460, 160, 12, 2);
insert into book2author (id, book_id, author_id, sort_index) values (461, 161, 94, 2);
insert into book2author (id, book_id, author_id, sort_index) values (462, 162, 66, 2);
insert into book2author (id, book_id, author_id, sort_index) values (463, 163, 72, 2);
insert into book2author (id, book_id, author_id, sort_index) values (464, 164, 43, 2);
insert into book2author (id, book_id, author_id, sort_index) values (465, 165, 94, 2);
insert into book2author (id, book_id, author_id, sort_index) values (466, 166, 4, 2);
insert into book2author (id, book_id, author_id, sort_index) values (467, 167, 92, 2);
insert into book2author (id, book_id, author_id, sort_index) values (468, 168, 86, 2);
insert into book2author (id, book_id, author_id, sort_index) values (469, 169, 78, 2);
insert into book2author (id, book_id, author_id, sort_index) values (470, 170, 49, 2);
insert into book2author (id, book_id, author_id, sort_index) values (471, 171, 52, 2);
insert into book2author (id, book_id, author_id, sort_index) values (472, 172, 77, 2);
insert into book2author (id, book_id, author_id, sort_index) values (473, 173, 58, 2);
insert into book2author (id, book_id, author_id, sort_index) values (474, 174, 72, 2);
insert into book2author (id, book_id, author_id, sort_index) values (475, 175, 12, 2);
insert into book2author (id, book_id, author_id, sort_index) values (476, 176, 13, 2);
insert into book2author (id, book_id, author_id, sort_index) values (477, 177, 44, 2);
insert into book2author (id, book_id, author_id, sort_index) values (478, 178, 58, 2);
insert into book2author (id, book_id, author_id, sort_index) values (479, 179, 23, 2);
insert into book2author (id, book_id, author_id, sort_index) values (480, 180, 38, 2);
insert into book2author (id, book_id, author_id, sort_index) values (481, 181, 16, 2);
insert into book2author (id, book_id, author_id, sort_index) values (482, 182, 14, 2);
insert into book2author (id, book_id, author_id, sort_index) values (483, 183, 97, 2);
insert into book2author (id, book_id, author_id, sort_index) values (484, 184, 84, 2);
insert into book2author (id, book_id, author_id, sort_index) values (485, 185, 74, 2);
insert into book2author (id, book_id, author_id, sort_index) values (486, 186, 37, 2);
insert into book2author (id, book_id, author_id, sort_index) values (487, 187, 26, 2);
insert into book2author (id, book_id, author_id, sort_index) values (488, 188, 56, 2);
insert into book2author (id, book_id, author_id, sort_index) values (489, 189, 45, 2);
insert into book2author (id, book_id, author_id, sort_index) values (490, 190, 38, 2);
insert into book2author (id, book_id, author_id, sort_index) values (491, 191, 57, 2);
insert into book2author (id, book_id, author_id, sort_index) values (492, 192, 35, 2);
insert into book2author (id, book_id, author_id, sort_index) values (493, 193, 27, 2);
insert into book2author (id, book_id, author_id, sort_index) values (494, 194, 5, 2);
insert into book2author (id, book_id, author_id, sort_index) values (495, 195, 87, 2);
insert into book2author (id, book_id, author_id, sort_index) values (496, 196, 94, 2);
insert into book2author (id, book_id, author_id, sort_index) values (497, 197, 28, 2);
insert into book2author (id, book_id, author_id, sort_index) values (498, 198, 1, 2);
insert into book2author (id, book_id, author_id, sort_index) values (499, 199, 79, 2);
insert into book2author (id, book_id, author_id, sort_index) values (500, 200, 52, 2);
